genus,species,taxon,family,prediction,category,confidence,altitude,min_alt,max_alt,mean_alt,alt_range,floristic_region_codes,data_collection_type,mean_eoo,calculation,mean_aoo,calculation.1,presence_pa,AF,AR,BA,GD,GG,GJ,HA,IL,KF,SD,SU,TU,WG,WU,total_flor_regions,prediction_binomial
Acalypha,marissima,Acalypha marissima,Euphorbiaceae,correct,EN,confident,1900-2050,1900,2050,1975,150,NA,NA,87,text,12,text,NA,NA,NA,NA,NA,NA,NA,NA,NA,NA,NA,NA,NA,NA,NA,NA,NA
Acanthopale,aethiogermanica,Acanthopale aethiogermanica,Acanthaceae,correct,VU,confident,1600-2600,1600,2600,2100,1000,NA,NA,53938,text,52,text,NA,NA,NA,NA,NA,NA,NA,NA,NA,NA,NA,NA,NA,NA,NA,NA,NA
Acanthus,sennii,Acanthus sennii,Acanthaceae,over,LC,confident,1700-3200,1700,3200,2450,1500,"AR, BA, GG, GJ, GD, HA, KF, SU, SD, WU",text,282400,text,324,text,yes,not present,present,present,present,present,present,present,not present,present,present,present,not present,not present,present,10,1
Adenia,pulchra,Adenia pulchra,Passifloraceae,correct,CR,confident,1520-1640,1520,1640,1580,120,NA,NA,12,text,12,text,NA,NA,NA,NA,NA,NA,NA,NA,NA,NA,NA,NA,NA,NA,NA,NA,NA
Adenia,gedoensis,Adenia gedoensis,Passifloraceae,correct,CR,confident,1800-2000,1800,2000,1900,200,NA,NA,4,infer,4,text,NA,NA,NA,NA,NA,NA,NA,NA,NA,NA,NA,NA,NA,NA,NA,NA,NA
Aeollanthus,abyssinicus,Aeollanthus abyssinicus,Lamiaceae,correct,LC,low_confidence,1600-3100,1600,3100,2350,1500,NA,NA,158891,text,56,text,NA,NA,NA,NA,NA,NA,NA,NA,NA,NA,NA,NA,NA,NA,NA,NA,NA
Aeschynomene,ruspoliana,Aeschynomene ruspoliana,Fabaceae,correct,CR,low_confidence,2000,2000,2000,2000,0,NA,NA,4,infer,4,text,NA,NA,NA,NA,NA,NA,NA,NA,NA,NA,NA,NA,NA,NA,NA,NA,NA
Afroligusticum,mattirolii,Afroligusticum mattirolii,Apiaceae,over,NT,confident,1400-3540,1400,3540,2470,2140,"AR, BA, HA, SU",text,65877,text,68,text,yes,not present,present,present,not present,not present,not present,present,not present,not present,not present,present,not present,not present,not present,4,1
Afroligusticum,petitianum,Afroligusticum petitianum,Apiaceae,correct,NT,low_confidence,1750-3350,1750,3350,2550,1600,NA,NA,166147.5,text,82,text,NA,NA,NA,NA,NA,NA,NA,NA,NA,NA,NA,NA,NA,NA,NA,NA,NA
Afroligusticum,piovanii,Carum piovanii,Apiaceae,correct,EN,confident,2200-2700,2200,2700,2450,500,NA,NA,3236,text,48,text,NA,NA,NA,NA,NA,NA,NA,NA,NA,NA,NA,NA,NA,NA,NA,NA,NA
Afrosciadium,abyssinicum,Peucedanum abyssinicum,Apiaceae,correct,VU,low_confidence,2100-3000,2100,3000,2550,900,NA,NA,59408,text,28,text,NA,NA,NA,NA,NA,NA,NA,NA,NA,NA,NA,NA,NA,NA,NA,NA,NA
Afrovivella,semiensis,Afrovivella semiensis,Crassulaceae,under,EN,confident,3600-4200,3600,4200,3900,600,GD,mapped,236,text,28,text,yes,not present,not present,not present,present,not present,not present,not present,not present,not present,not present,not present,not present,not present,not present,1,0
Alchemilla,bachiti,Alchemilla bachiti,Rosaceae,correct,EN,confident,3600-4000,3600,4000,3800,400,NA,NA,761,text,12,text,NA,NA,NA,NA,NA,NA,NA,NA,NA,NA,NA,NA,NA,NA,NA,NA,NA
Alchemilla,haumanii,Alchemilla haumanii,Rosaceae,over,LC,confident,3000-4250,3000,4250,3625,1250,"AR, BA, GG",text,21764,text,120,text,yes,not present,present,present,not present,present,not present,not present,not present,not present,not present,not present,not present,not present,not present,3,1
Aloe,ankoberensis,Aloe ankoberensis,Asphodelaceae,correct,EN,confident,3000-3500,3000,3500,3250,500,NA,NA,205,text,12,text,NA,NA,NA,NA,NA,NA,NA,NA,NA,NA,NA,NA,NA,NA,NA,NA,NA
Aloe,debrana,Aloe debrana,Asphodelaceae,over,LC,confident,2000-2700,2000,2700,2350,700,"GJ, SU, WU",text,32150,text,108,geocat (RL points),yes,not present,not present,not present,not present,not present,present,not present,not present,not present,not present,present,not present,not present,present,3,1
Aloe,elkerriana,Aloe elkerriana,Asphodelaceae,over,LC,confident,1000,1000,1000,1000,0,BA,text,4,text,4,text,no,not present,not present,present,not present,not present,not present,not present,not present,not present,not present,not present,not present,not present,not present,1,1
Aloe,friisii,Aloe friisii,Asphodelaceae,correct,EN,confident,600-1600,600,1600,1100,1000,NA,NA,8,infer (only 2 points),8,text,NA,NA,NA,NA,NA,NA,NA,NA,NA,NA,NA,NA,NA,NA,NA,NA,NA
Aloe,ghibensis,Aloe ghibensis,Asphodelaceae,correct,CR,confident,1365-1720,1365,1720,1542.5,355,NA,NA,12,text,12,text,NA,NA,NA,NA,NA,NA,NA,NA,NA,NA,NA,NA,NA,NA,NA,NA,NA
Aloe,harlana,Aloe harlana,Asphodelaceae,correct,EN,confident,1500-2100,1500,2100,1800,600,NA,NA,2300,text,36,geocat (GBIF points),NA,NA,NA,NA,NA,NA,NA,NA,NA,NA,NA,NA,NA,NA,NA,NA,NA
Aloe,kefaensis,Aloe kefaensis,Asphodelaceae,correct,EN,confident,1750-2100,1750,2100,1925,350,NA,NA,3001,text,41,text,NA,NA,NA,NA,NA,NA,NA,NA,NA,NA,NA,NA,NA,NA,NA,NA,NA
Aloe,monticola,Aloe monticola,Asphodelaceae,correct,EN,confident,2350-2550,2350,2550,2450,200,NA,NA,2300,text,16,geocat (RL points),NA,NA,NA,NA,NA,NA,NA,NA,NA,NA,NA,NA,NA,NA,NA,NA,NA
Aloe,pubescens,Aloe pubescens,Asphodelaceae,over,NT,confident,1800-2550,1800,2550,2175,750,"HA, SU",text,27400,text,14300,text,no,not present,not present,not present,not present,not present,not present,present,not present,not present,not present,present,not present,not present,not present,2,1
Aloe,pulcherrima,Aloe pulcherrima,Asphodelaceae,correct,VU,confident,2440-2750,2440,2750,2595,310,NA,NA,9100,text,20,geocat (RL points),NA,NA,NA,NA,NA,NA,NA,NA,NA,NA,NA,NA,NA,NA,NA,NA,NA
Aloe,schelpei,Aloe schelpei,Asphodelaceae,correct,EN,confident,1700-2470,1700,2470,2085,770,NA,NA,581,text,12,geocat (RL points),NA,NA,NA,NA,NA,NA,NA,NA,NA,NA,NA,NA,NA,NA,NA,NA,NA
Aloe,sinana,Aloe sinana,Asphodelaceae,correct,EN,confident,1250-2100,1250,2100,1675,850,NA,NA,4900,text,20,geocat (RL points),NA,NA,NA,NA,NA,NA,NA,NA,NA,NA,NA,NA,NA,NA,NA,NA,NA
Aloe,tewoldei,Aloe tewoldei,Asphodelaceae,over,NT,confident,1100,1100,1100,1100,0,"BA, HA",text,11500,text,12,geocat (RL points),no,not present,not present,present,not present,not present,not present,present,not present,not present,not present,not present,not present,not present,not present,4,1
Aloe,yavellana,Aloe yavellana,Asphodelaceae,correct,EN,confident,1600-1950,1600,1950,1775,350,NA,NA,4850,text,32,geocat (RL points),NA,NA,NA,NA,NA,NA,NA,NA,NA,NA,NA,NA,NA,NA,NA,NA,NA
Aloe,benishangulana,Aloe benishangulana,Asphodelaceae,correct,CR,confident,1490-1500,1490,1500,1495,10,NA,NA,8,text,8,text,NA,NA,NA,NA,NA,NA,NA,NA,NA,NA,NA,NA,NA,NA,NA,NA,NA
Aloe,otallensis,Aloe otallensis,Asphodelaceae,correct,LC,low_confidence,1200-1600,1200,1600,1400,400,NA,NA,17700,text,72,text,NA,NA,NA,NA,NA,NA,NA,NA,NA,NA,NA,NA,NA,NA,NA,NA,NA
Aloe,gilbertii,Aloe gilbertii,Asphodelaceae,over,LC,confident,1200-1900,1200,1900,1550,700,"GG, SU, SD",text,20025,text,60,geocat (RL points),yes,not present,not present,not present,not present,present,not present,not present,not present,not present,present,present,not present,not present,not present,3,1
Aloe,downsiana,Aloe downsiana,Asphodelaceae,correct,CR,confident,2175,2175,2175,2175,0,NA,NA,4,text,4,text,NA,NA,NA,NA,NA,NA,NA,NA,NA,NA,NA,NA,NA,NA,NA,NA,NA
Aloe,omoana,Aloe omoana,Asphodelaceae,correct,CR,confident,1840,1840,1840,1840,0,NA,NA,4,text,4,text,NA,NA,NA,NA,NA,NA,NA,NA,NA,NA,NA,NA,NA,NA,NA,NA,NA
Aloe,trigonantha,Aloe trigonantha,Asphodelaceae,correct,EN,confident,1900-2500,1900,2500,2200,600,NA,NA,9837,text,32,text,NA,NA,NA,NA,NA,NA,NA,NA,NA,NA,NA,NA,NA,NA,NA,NA,NA
Alopecurus,baptarrhenius,Alopecurus baptarrhenius,Poaceae,correct,EN,low_confidence,3600-4200,3600,4200,3900,600,NA,NA,19150,text,24,text,NA,NA,NA,NA,NA,NA,NA,NA,NA,NA,NA,NA,NA,NA,NA,NA,NA
Amorphophallus,gomboczianus,Amorphophallus gomboczianus,Araceae,correct,VU,confident,1700-2200,1700,2200,1950,500,NA,NA,28562,text,44,text,NA,NA,NA,NA,NA,NA,NA,NA,NA,NA,NA,NA,NA,NA,NA,NA,NA
Andrachne,ephemera,Andrachne ephemera,Phyllanthaceae,correct,EN,confident,1000-1600,1000,1600,1300,600,NA,NA,73649,text,28,text,NA,NA,NA,NA,NA,NA,NA,NA,NA,NA,NA,NA,NA,NA,NA,NA,NA
Anthericum,neghellense,Anthericum neghellense,Asparagaceae,correct,VU,confident,1050-1700,1050,1700,1375,650,NA,NA,26432,text,64,text,NA,NA,NA,NA,NA,NA,NA,NA,NA,NA,NA,NA,NA,NA,NA,NA,NA
Anthoxanthum,aethiopicum,Anthoxanthum aethiopicum,Poaceae,correct,EN,confident,2700-4500,2700,4500,3600,1800,NA,NA,9320,text,56,text,NA,NA,NA,NA,NA,NA,NA,NA,NA,NA,NA,NA,NA,NA,NA,NA,NA
Argyrolobium,schimperianum,Argyrolobium schimperianum,Fabaceae,correct,NT,confident,2100-3500,2100,3500,2800,1400,NA,NA,49150,text,48,text,NA,NA,NA,NA,NA,NA,NA,NA,NA,NA,NA,NA,NA,NA,NA,NA,NA
Arisaema,mooneyanum,Arisaema mooneyanum,Araceae,correct,VU,confident,2000-3450,2000,3450,2725,1450,NA,NA,33429,text,32,text,NA,NA,NA,NA,NA,NA,NA,NA,NA,NA,NA,NA,NA,NA,NA,NA,NA
Artemisia,schimperi,Artemisia schimperi,Asteraceae,correct,VU,low_confidence,3200-4100,3200,4100,3650,900,NA,NA,48702,text,84,text,NA,NA,NA,NA,NA,NA,NA,NA,NA,NA,NA,NA,NA,NA,NA,NA,NA
Asclepias,pseudofimbriata,Asclepias pseudofimbriata,Apocynaceae,correct,EN,confident,2650-2800,2650,2800,2725,150,NA,NA,569,text,20,text,NA,NA,NA,NA,NA,NA,NA,NA,NA,NA,NA,NA,NA,NA,NA,NA,NA
Asclepias,minutiflora,Asclepias minutiflora,Apocynaceae,correct,VU,confident,1650-1800,1650,1800,1725,150,NA,NA,8540,text,16,text,NA,NA,NA,NA,NA,NA,NA,NA,NA,NA,NA,NA,NA,NA,NA,NA,NA
Asystasia,ammophila,Asystasia ammophila,Acanthaceae,correct,VU,confident,1170-2900,1170,2900,2035,1730,NA,NA,26782,text,44,text,NA,NA,NA,NA,NA,NA,NA,NA,NA,NA,NA,NA,NA,NA,NA,NA,NA
Athroisma,boranense,Athroisma boranense,Asteraceae,over,NT,confident,1400-1950,1400,1950,1675,550,SD,text,23519,text,64,text,no,not present,not present,not present,not present,not present,not present,not present,not present,not present,present,not present,not present,not present,not present,1,1
Baccharoides,filigera,Vernonia filigera,Asteraceae,over,LC,low_confidence,1935-2850,1935,2850,2392.5,915,"AR, GG, GD, GJ, KF, SU, SD, TU, WG, WU",mapped,199292,text,116,text,yes,not present,present,not present,present,present,present,not present,not present,present,present,present,present,present,present,10,1
Barleria,ferox,Barleria ferox,Acanthaceae,correct,EN,confident,1400-1600,1400,1600,1500,200,NA,NA,1348,text,12,text,NA,NA,NA,NA,NA,NA,NA,NA,NA,NA,NA,NA,NA,NA,NA,NA,NA
Barleria,gidoleensis,Barleria gidoleensis,Acanthaceae,correct,EN,confident,1400-2000,1400,2000,1700,600,NA,NA,1927,text,12,text,NA,NA,NA,NA,NA,NA,NA,NA,NA,NA,NA,NA,NA,NA,NA,NA,NA
Barleria,longissima,Barleria longissima,Acanthaceae,correct,EN,low_confidence,1750-1850,1750,1850,1800,100,NA,NA,8,infer (only 2 points),8,text,NA,NA,NA,NA,NA,NA,NA,NA,NA,NA,NA,NA,NA,NA,NA,NA,NA
Barleria,negeleensis,Barleria negeleensis,Acanthaceae,correct,EN,confident,1400-1700,1400,1700,1550,300,NA,NA,2117,text,16,text,NA,NA,NA,NA,NA,NA,NA,NA,NA,NA,NA,NA,NA,NA,NA,NA,NA
Barleria,baluganii,Barleria baluganii,Acanthaceae,over,NT,confident,1100-2200,1100,2200,1650,1100,"IL, KF, WG",text,39934,text,80,text,yes,not present,not present,not present,not present,not present,not present,not present,present,present,not present,not present,not present,present,not present,3,1
Berkheya,chiesiana,Berkheya chiesiana,Asteraceae,over,LC,confident,1300-2000,1300,2000,1650,700,"GJ, HA, IL, KF, SD, SU, WG",text,81877,text,56,text,yes,not present,not present,not present,not present,not present,present,present,present,present,present,present,not present,present,not present,7,1
Bidens,zavattarii,Bidens zavattarii,Asteraceae,correct,VU,confident,1900-2100,1900,2100,2000,200,NA,NA,19415,text,56,text,NA,NA,NA,NA,NA,NA,NA,NA,NA,NA,NA,NA,NA,NA,NA,NA,NA
Bidens,mesfinii,Bidens mesfinii,Asteraceae,correct,CR,confident,2250,2250,2250,2250,0,NA,NA,4,text,4,text,NA,NA,NA,NA,NA,NA,NA,NA,NA,NA,NA,NA,NA,NA,NA,NA,NA
Bidens,pachyloma,Bidens pachyloma,Asteraceae,over,LC,confident,2200-3300,2200,3300,2750,1100,"AR, GG, GD, GJ, KF, SU, SD, TU, WG, WU",mapped,210810,text,20,geocat (GBIF points),yes,not present,present,not present,present,present,present,not present,not present,present,present,present,present,present,present,10,1
Bidens,ghedoensis,Bidens ghedoensis,Asteraceae,over,LC,confident,1380-2600,1380,2600,1990,1220,"GG, IL, KF, SD, SU, WG",text,96283,text,104,text,yes,not present,not present,not present,not present,present,not present,not present,present,present,present,present,not present,present,not present,6,1
Blepharis,gypsophila,Blepharis gypsophila,Acanthaceae,correct,VU,confident,280-320,280,320,300,40,NA,NA,4,text,4,text,NA,NA,NA,NA,NA,NA,NA,NA,NA,NA,NA,NA,NA,NA,NA,NA,NA
Boswellia,ogadensis,Boswellia ogadensis,Burseraceae,correct,CR,confident,300-400,300,400,350,100,NA,NA,583,text,20,text,NA,NA,NA,NA,NA,NA,NA,NA,NA,NA,NA,NA,NA,NA,NA,NA,NA
Boswellia,pirottae,Boswellia pirottae,Burseraceae,correct,VU,low_confidence,1200-1800,1200,1800,1500,600,NA,NA,155668,text,80,text,NA,NA,NA,NA,NA,NA,NA,NA,NA,NA,NA,NA,NA,NA,NA,NA,NA
Brillantaisia,grottanellii,Brillantaisia grottanellii,Acanthaceae,over,LC,confident,1100-2400,1100,2400,1750,1300,"GG, GJ, GD, IL, KF, SD, WG",text,181854,text,104,text,yes,not present,not present,not present,present,present,present,not present,present,present,present,not present,not present,present,not present,7,1
Callitriche,favargera,Callitriche favargera,Plantaginaceae,correct,VU,confident,3800-4250,3800,4250,4025,450,NA,NA,7076,text,20,text,NA,NA,NA,NA,NA,NA,NA,NA,NA,NA,NA,NA,NA,NA,NA,NA,NA
Callitriche,hedbergiorum,Callitriche hedbergiorum,Plantaginaceae,correct,VU,confident,3650-3950,3650,3950,3800,300,NA,NA,4,text,4,text,NA,NA,NA,NA,NA,NA,NA,NA,NA,NA,NA,NA,NA,NA,NA,NA,NA
Caralluma,wilhelmii,Caralluma wilhelmii,Apocynaceae,correct,CR,confident,477-570,477,570,523.5,93,NA,NA,8,text,8,text,NA,NA,NA,NA,NA,NA,NA,NA,NA,NA,NA,NA,NA,NA,NA,NA,NA
Carduus,macracanthus,Carduus macracanthus,Asteraceae,over,LC,confident,3950-4000,3950,4000,3975,50,"AR, BA, GD, TU",text,12629,text,56,text,yes,not present,present,present,present,not present,not present,not present,not present,not present,not present,not present,present,not present,not present,4,1
Cenchrus,thulinii,Cenchrus thulinii,Poaceae,correct,CR,confident,2200,2200,2200,2200,0,NA,NA,4,infer,4,text,NA,NA,NA,NA,NA,NA,NA,NA,NA,NA,NA,NA,NA,NA,NA,NA,NA
Cenchrus,nanus,Pennisetum humile,Poaceae,correct,NT,low_confidence,2800-400,2800,4000,3400,1200,NA,NA,127323,text,72,text,NA,NA,NA,NA,NA,NA,NA,NA,NA,NA,NA,NA,NA,NA,NA,NA,NA
Cenchrus,uliginosus,Pennisetum uliginosum,Poaceae,under,EN,low_confidence,2500,2500,2500,2500,0,"GD, SU",text,54,text,8,text,yes,not present,not present,not present,present,not present,not present,not present,not present,not present,not present,present,not present,not present,not present,2,0
Ceropegia,gypsophila,Ceropegia gypsophila,Apocynaceae,correct,CR,confident,550,550,550,550,0,NA,NA,4,text,4,text,NA,NA,NA,NA,NA,NA,NA,NA,NA,NA,NA,NA,NA,NA,NA,NA,NA
Ceropegia,kaariyei,Ceropegia kaariyei,Apocynaceae,correct,CR,confident,570,570,570,570,0,NA,NA,4,text,4,text,NA,NA,NA,NA,NA,NA,NA,NA,NA,NA,NA,NA,NA,NA,NA,NA,NA
Ceropegia,ellenbeckii,Ceropegia ellenbeckii,Apocynaceae,correct,CR,confident,2400-2500,2400,2500,2450,100,NA,NA,8,text,8,text,NA,NA,NA,NA,NA,NA,NA,NA,NA,NA,NA,NA,NA,NA,NA,NA,NA
Ceropegia,inflata,Ceropegia inflata,Apocynaceae,correct,EN,confident,900-1650,900,1650,1275,750,NA,NA,8,infer (only 2 points),8,text,NA,NA,NA,NA,NA,NA,NA,NA,NA,NA,NA,NA,NA,NA,NA,NA,NA
Ceropegia,loranthiflora,Ceropegia loranthiflora,Apocynaceae,correct,VU,low_confidence,1900-2100,1900,2100,2000,200,NA,NA,13101,text,12,text,NA,NA,NA,NA,NA,NA,NA,NA,NA,NA,NA,NA,NA,NA,NA,NA,NA
Ceropegia,microgaster,Ceropegia microgaster,Apocynaceae,correct,VU,confident,1900-2000,1900,2000,1950,100,NA,NA,7136,text,12,text,NA,NA,NA,NA,NA,NA,NA,NA,NA,NA,NA,NA,NA,NA,NA,NA,NA
Ceropegia,recurvata,Ceropegia recurvata,Apocynaceae,correct,VU,confident,1330-2250,1330,2250,1790,920,NA,NA,16360,text,14,text,NA,NA,NA,NA,NA,NA,NA,NA,NA,NA,NA,NA,NA,NA,NA,NA,NA
Ceropegia,pseudorhynchantha,Ceropegia pseudorhynchantha,Apocynaceae,over,NT,confident,1300-1600,1300,1600,1450,300,"AR, BA, HA",text,28675,text,16,infer,yes,not present,present,present,not present,not present,not present,present,not present,not present,not present,not present,not present,not present,not present,3,1
Ceropegia,marronina,Ceropegia marronina,Apocynaceae,over,LC,confident,1300,1300,1300,1300,0,TU,text,4,infer,4,text,no,not present,not present,not present,not present,not present,not present,not present,not present,not present,not present,not present,present,not present,not present,1,1
Ceropegia,sobolifera,Ceropegia sobolifera,Apocynaceae,correct,EN,low_confidence,2700-3500,2700,3500,3100,800,NA,NA,4,infer,4,text,NA,NA,NA,NA,NA,NA,NA,NA,NA,NA,NA,NA,NA,NA,NA,NA,NA
Ceropegia,aristolochioides,Ceropegia burgeri,Apocynaceae,under,EN,confident,1200-1500,1200,1500,1350,300,"GG, HA",text,39056,text,218,text,yes,not present,not present,not present,not present,present,not present,present,not present,not present,not present,not present,not present,not present,not present,2,0
Chiliocephalum,tegetum,Chiliocephalum tegetum,Asteraceae,correct,EN,confident,2400-3600,2400,3600,3000,1200,NA,NA,50580,text,16,text,NA,NA,NA,NA,NA,NA,NA,NA,NA,NA,NA,NA,NA,NA,NA,NA,NA
Chiliocephalum,schimperi,Chiliocephalum schimperi,Asteraceae,over,NT,low_confidence,2500-3500,2500,3500,3000,1000,"TU, BA",text,89566,text,46,text,yes,not present,not present,present,not present,not present,not present,not present,not present,not present,not present,not present,present,not present,not present,9,1
Chionothrix,latifolia,Chionothrix latifolia,Amaranthaceae,over,LC,low_confidence,700-1750,700,1750,1225,1050,"AF, BA, HA, SD",text,309514,text,156,text,yes,present,not present,present,not present,not present,not present,present,not present,not present,present,not present,not present,not present,not present,4,1
Chlorophytum,herrmannii,Chlorophytum herrmannii,Asparagaceae,correct,CR,confident,1400-1500,1400,1500,1450,100,NA,NA,8,text,8,text,NA,NA,NA,NA,NA,NA,NA,NA,NA,NA,NA,NA,NA,NA,NA,NA,NA
Chlorophytum,pseudocaule,Chlorophytum pseudocaule,Asparagaceae,correct,CR,confident,1430-1560,1430,1560,1495,130,NA,NA,8,infer (only 2 points),8,text,NA,NA,NA,NA,NA,NA,NA,NA,NA,NA,NA,NA,NA,NA,NA,NA,NA
Chlorophytum,serpens,Chlorophytum serpens,Asparagaceae,correct,EN,confident,1100-1460,1100,1460,1280,360,NA,NA,8,text,8,text,NA,NA,NA,NA,NA,NA,NA,NA,NA,NA,NA,NA,NA,NA,NA,NA,NA
Chlorophytum,mamillatum,Chlorophytum mamillatum,Asparagaceae,correct,EN,confident,1500-1600,1500,1600,1550,100,NA,NA,10939,text,32,text,NA,NA,NA,NA,NA,NA,NA,NA,NA,NA,NA,NA,NA,NA,NA,NA,NA
Chlorophytum,pterocarpum,Chlorophytum pterocarpum,Asparagaceae,correct,CR,confident,1400-1500,1400,1500,1450,100,NA,NA,4,infer,4,text,NA,NA,NA,NA,NA,NA,NA,NA,NA,NA,NA,NA,NA,NA,NA,NA,NA
Chrysojasminum,stans,Chrysojasminum stans,Oleaceae,correct,VU,confident,2400-3200,2400,3200,2800,800,NA,NA,10624,text,32,text,NA,NA,NA,NA,NA,NA,NA,NA,NA,NA,NA,NA,NA,NA,NA,NA,NA
Cibirhiza,spiculata,Cibirhiza spiculata,Apocynaceae,correct,EN,confident,477-570,477,570,523.5,93,NA,NA,15,text,8,text,NA,NA,NA,NA,NA,NA,NA,NA,NA,NA,NA,NA,NA,NA,NA,NA,NA
Cirsium,schimperi,Cirsium schimperi,Asteraceae,over,LC,confident,2000-3100,2000,3100,2550,1100,"AR, BA, GG, GJ, GD, SU",text,141573,text,148,text,yes,not present,present,present,present,present,present,not present,not present,not present,not present,present,not present,not present,not present,9,1
Cirsium,straminispinum,Cirsium straminispinum,Asteraceae,correct,EN,confident,1830-2750,1830,2750,2290,920,NA,NA,36,text,8,text,NA,NA,NA,NA,NA,NA,NA,NA,NA,NA,NA,NA,NA,NA,NA,NA,NA
Cirsium,dender,Cirsium dender,Asteraceae,over,LC,confident,2200-2750,2200,2750,2475,550,"IL, KF",text,85676,text,20,geocat (GBIF points),yes,not present,not present,not present,not present,not present,not present,not present,present,present,not present,not present,not present,not present,not present,2,1
Cirsium,englerianum,Cirsium englerianum,Asteraceae,over,LC,confident,1760-2300,1760,2300,2030,540,"AR, SD",text,90918,text,24,geocat (GBIF points),yes,not present,present,not present,not present,not present,not present,not present,not present,not present,present,not present,not present,not present,not present,2,1
Cladostigma,nigistiae,Cladostigma nigistiae,Convolvulaceae,correct,EN,confident,750-1440,750,1440,1095,690,NA,NA,1412,text,12,text,NA,NA,NA,NA,NA,NA,NA,NA,NA,NA,NA,NA,NA,NA,NA,NA,NA
Clinopodium,paradoxum,Clinopodium paradoxum,Lamiaceae,over,LC,low_confidence,1350-3500,1350,3500,2425,2150,"AR, BA, GJ, GD, HA, IL, KF, SU, SD, TU, WG",text,346161,text,320,text,yes,not present,present,present,present,not present,present,present,present,present,present,present,present,present,not present,11,1
Coleus,garckeanus,Coleus garckeanus,Lamiaceae,over,LC,low_confidence,1750-2700,1750,2700,2225,950,"AR, BA, GD, GJ, KF, SU, SD",text,171344,text,124,text,yes,not present,present,present,present,not present,present,not present,not present,present,present,present,not present,not present,not present,7,1
Coleus,abyssinicus,Coleus abyssinicus,Lamiaceae,correct,LC,confident,1100-2700,1100,2700,1900,1600,NA,NA,309232,text,172,text,NA,NA,NA,NA,NA,NA,NA,NA,NA,NA,NA,NA,NA,NA,NA,NA,NA
Coleus,recurvata,Coleus recurvata,Lamiaceae,correct,VU,confident,1400-2000,1400,2000,1700,600,NA,NA,50566,text,26,text,NA,NA,NA,NA,NA,NA,NA,NA,NA,NA,NA,NA,NA,NA,NA,NA,NA
Commicarpus,macrothamnus,Commicarpus macrothamnus,Nyctaginaceae,correct,VU,confident,750-900,750,900,825,150,NA,NA,23,text,16,text,NA,NA,NA,NA,NA,NA,NA,NA,NA,NA,NA,NA,NA,NA,NA,NA,NA
Commicarpus,leleensis,Commicarpus leleensis,Nyctaginaceae,correct,VU,confident,875,875,875,875,0,NA,NA,8,text,8,text,NA,NA,NA,NA,NA,NA,NA,NA,NA,NA,NA,NA,NA,NA,NA,NA,NA
Commiphora,monoica,Commiphora monoica,Burseraceae,correct,CR,confident,1250-1400,1250,1400,1325,150,NA,NA,25.5,text,20,geocat (RL points),NA,NA,NA,NA,NA,NA,NA,NA,NA,NA,NA,NA,NA,NA,NA,NA,NA
Convolvulus,bidrensis,Convolvulus bidrensis,Convolvulaceae,correct,CR,confident,1650-1750,1650,1750,1700,100,NA,NA,4,text,4,text,NA,NA,NA,NA,NA,NA,NA,NA,NA,NA,NA,NA,NA,NA,NA,NA,NA
Crepis,achyrophoroides,Crepis achyrophoroides,Asteraceae,correct,EN,low_confidence,2120-3600,2120,3600,2860,1480,NA,NA,2131,text,16,text,NA,NA,NA,NA,NA,NA,NA,NA,NA,NA,NA,NA,NA,NA,NA,NA,NA
Crepis,tenerrima,Crepis tenerrima,Asteraceae,correct,VU,low_confidence,2750-3100,2750,3100,2925,350,NA,NA,6663,text,24,text,NA,NA,NA,NA,NA,NA,NA,NA,NA,NA,NA,NA,NA,NA,NA,NA,NA
Crepis,xylorrhiza,Crepis xylorrhiza,Asteraceae,correct,CR,confident,2817,2817,2817,2817,0,NA,NA,4,text,4,text,NA,NA,NA,NA,NA,NA,NA,NA,NA,NA,NA,NA,NA,NA,NA,NA,NA
Crinipes,abyssinicus,Crinipes abyssinicus,Poaceae,under,VU,confident,2000-3200,2000,3200,2600,1200,"GD, GJ, SU, TU",text,96322,text,36,text,yes,not present,not present,not present,present,not present,present,not present,not present,not present,not present,present,present,not present,not present,4,0
Crotalaria,exaltata,Crotalaria exaltata,Fabaceae,over,LC,confident,3000-3400,3000,3400,3200,400,"BA, KF, SD, SU",text,8,geocat (RL points),8,geocat (RL points),yes,not present,not present,present,not present,not present,not present,not present,not present,present,present,present,not present,not present,not present,4,1
Crotalaria,fallax,Crotalaria fallax,Fabaceae,correct,EN,confident,1550-1800,1550,1800,1675,250,NA,NA,1610,text,16,text,NA,NA,NA,NA,NA,NA,NA,NA,NA,NA,NA,NA,NA,NA,NA,NA,NA
Crotalaria,jijigensis,Crotalaria jijigensis,Fabaceae,correct,EN,confident,1750-1875,1750,1875,1812.5,125,NA,NA,456,text,36,text,NA,NA,NA,NA,NA,NA,NA,NA,NA,NA,NA,NA,NA,NA,NA,NA,NA
Crotalaria,ruspoliana,Crotalaria ruspoliana,Fabaceae,correct,CR,low_confidence,1800,1800,1800,1800,0,NA,NA,6,text,6,text,NA,NA,NA,NA,NA,NA,NA,NA,NA,NA,NA,NA,NA,NA,NA,NA,NA
Crotalaria,sacculata,Crotalaria sacculata,Fabaceae,correct,CR,confident,1800-2100,1800,2100,1950,300,NA,NA,24,text,24,text,NA,NA,NA,NA,NA,NA,NA,NA,NA,NA,NA,NA,NA,NA,NA,NA,NA
Crotalaria,polhillii,Crotalaria polhillii,Fabaceae,correct,EN,confident,1500-1800,1500,1800,1650,300,NA,NA,96,text,12,text,NA,NA,NA,NA,NA,NA,NA,NA,NA,NA,NA,NA,NA,NA,NA,NA,NA
Crotalaria,trifoliolata,Crotalaria trifoliolata,Fabaceae,under,EN,low_confidence,1700-2000,1700,2000,1850,300,BA,text,556.5,text,176,text,yes,not present,not present,present,not present,not present,not present,not present,not present,not present,not present,not present,not present,not present,not present,1,0
Crotalaria,gillettii,Crotalaria gillettii,Fabaceae,over,NT,confident,1700-2800,1700,2800,2250,1100,"BA, IL, KF, SD, WG",text,88460,text,76,text,yes,not present,not present,present,not present,not present,not present,not present,present,present,present,not present,not present,present,not present,5,1
Crotalaria,rosenii,Crotalaria rosenii,Fabaceae,over,LC,low_confidence,1350-2800,1350,2800,2075,1450,"AR, BA, IL, KF, SU",mapped,205625,text,164,text,yes,not present,present,present,not present,not present,not present,not present,present,present,not present,present,not present,not present,not present,5,1
Crotalaria,awasensis,Crotalaria awasensis,Fabaceae,correct,CR,confident,1700,1700,1700,1700,0,NA,NA,4,text,4,text,NA,NA,NA,NA,NA,NA,NA,NA,NA,NA,NA,NA,NA,NA,NA,NA,NA
Croton,elkerensis,Croton elkerensis,Euphorbiaceae,correct,VU,confident,1150-1250,1150,1250,1200,100,NA,NA,70,text,4,text,NA,NA,NA,NA,NA,NA,NA,NA,NA,NA,NA,NA,NA,NA,NA,NA,NA
Cussonia,ostinii,Cussonia ostinii,Araliaceae,correct,VU,confident,1500-2100,1500,2100,1800,600,NA,NA,148532,geocat (RL points),80,geocat (RL points),NA,NA,NA,NA,NA,NA,NA,NA,NA,NA,NA,NA,NA,NA,NA,NA,NA
Cyanotis,polyrrhiza,Cyanotis polyrrhiza,Commelinaceae,under,VU,confident,1900-3800,1900,3800,2850,1900,"AR, BA, GD, GJ, HA, KF, SU",text,254835,text,64,text,yes,not present,present,present,present,not present,present,present,not present,present,not present,present,not present,not present,not present,7,0
Cycniopsis,humilis,Cycniopsis humilis,Orobanchaceae,correct,LC,low_confidence,1100-3300,1100,3300,2200,2200,NA,NA,142680,text,88,text,NA,NA,NA,NA,NA,NA,NA,NA,NA,NA,NA,NA,NA,NA,NA,NA,NA
Cynanchum,balense,Cynanchum balense,Apocynaceae,correct,EN,confident,3260,3260,3260,3260,0,NA,NA,47,text,12,text,NA,NA,NA,NA,NA,NA,NA,NA,NA,NA,NA,NA,NA,NA,NA,NA,NA
Cynoglossum,densefoliatum,Cynoglossum densefoliatum,Boraginaceae,over,LC,confident,1150-3000,1150,3000,2075,1850,"BA, HA, GD, SU, SD",text,141524,text,106,text,yes,not present,not present,present,present,not present,not present,present,not present,not present,present,present,not present,not present,not present,5,1
Cyperus,bifolius,Cyperus bifolius,Cyperaceae,correct,CR,confident,1850-1900,1850,1900,1875,50,NA,NA,4,text,4,text,NA,NA,NA,NA,NA,NA,NA,NA,NA,NA,NA,NA,NA,NA,NA,NA,NA
Cyperus,boreohemisphaericus,Cyperus boreohemisphaericus,Cyperaceae,over,LC,confident,1100-2300,1100,2300,1700,1200,"KF, SU, WG",text,52510,text,48,text,yes,not present,not present,not present,not present,not present,not present,not present,not present,present,not present,present,not present,present,not present,3,1
Cyperus,clandestinus,Cyperus clandestinus,Cyperaceae,under,EN,confident,3000-3600,3000,3600,3300,600,"BA, GD, SU, SD",text,52127,text,20,text,yes,not present,not present,present,present,not present,not present,not present,not present,not present,present,present,not present,not present,not present,4,0
Cyperus,pratensis,Cyperus pratensis,Cyperaceae,under,CR,confident,1550-2600,1550,2600,2075,1050,"GD, SU",text,8,geocat (GBIF points),8,text,no,not present,not present,not present,present,not present,not present,not present,not present,not present,not present,present,not present,not present,not present,2,0
Cyphostemma,burgeri,Cyphostemma burgeri,Vitaceae,correct,EN,confident,1500-1800,1500,1800,1650,300,NA,NA,1628,text,20,text,NA,NA,NA,NA,NA,NA,NA,NA,NA,NA,NA,NA,NA,NA,NA,NA,NA
Cystostemon,ethiopicus,Cystostemon ethiopicus,Boraginaceae,correct,VU,confident,1500-1650,1500,1650,1575,150,NA,NA,5417,text,36,text,NA,NA,NA,NA,NA,NA,NA,NA,NA,NA,NA,NA,NA,NA,NA,NA,NA
Dicoma,aethiopica,Dicoma aethiopica,Asteraceae,correct,EN,confident,1400-1500,1400,1500,1450,100,NA,NA,1668,text,16,text,NA,NA,NA,NA,NA,NA,NA,NA,NA,NA,NA,NA,NA,NA,NA,NA,NA
Diplolophium,boranense,Diplolophium boranense,Apiaceae,correct,CR,confident,1575,1575,1575,1575,0,NA,NA,4,text,4,text,NA,NA,NA,NA,NA,NA,NA,NA,NA,NA,NA,NA,NA,NA,NA,NA,NA
Disa,facula,Disa facula,Orchidaceae,correct,EN,confident,1430-1810,1430,1810,1620,380,NA,NA,1883,text,12,text,NA,NA,NA,NA,NA,NA,NA,NA,NA,NA,NA,NA,NA,NA,NA,NA,NA
Disperis,meirax,Disperis meirax,Orchidaceae,correct,EN,confident,2500-3800,2500,3800,3150,1300,NA,NA,22520,text,12,text,NA,NA,NA,NA,NA,NA,NA,NA,NA,NA,NA,NA,NA,NA,NA,NA,NA
Disperis,galerita,Disperis galerita,Orchidaceae,correct,VU,confident,2000-3800,2000,3800,2900,1800,NA,NA,104044,text,40,text,NA,NA,NA,NA,NA,NA,NA,NA,NA,NA,NA,NA,NA,NA,NA,NA,NA
Disperis,crassicaulis,Disperis crassicaulis,Orchidaceae,correct,VU,confident,2000-2500,2000,2500,2250,500,NA,NA,171852,text,36,text,NA,NA,NA,NA,NA,NA,NA,NA,NA,NA,NA,NA,NA,NA,NA,NA,NA
Dombeya,aethiopica,Dombeya aethiopica,Malvaceae,over,LC,confident,1700-2200,1700,2200,1950,500,"GJ, GG, KF, SD, SU",text,63867,geocat (RL points),52,geocat (RL points),yes,not present,not present,not present,not present,present,present,not present,not present,present,present,present,not present,not present,not present,10,1
Dombeya,longebracteolata,Dombeya longebracteolata,Malvaceae,correct,VU,confident,1900,1900,1900,1900,0,NA,NA,18552,geocat (RL points),20,geocat (RL points),NA,NA,NA,NA,NA,NA,NA,NA,NA,NA,NA,NA,NA,NA,NA,NA,NA
Dombeya,kefaensis,Dombeya kefaensis,Malvaceae,correct,VU,confident,1700-2200,1700,2200,1950,500,NA,NA,8,text,8,text,NA,NA,NA,NA,NA,NA,NA,NA,NA,NA,NA,NA,NA,NA,NA,NA,NA
Dorstenia,soerensenii,Dorstenia soerensenii,Moraceae,correct,EN,confident,1750-2250,1750,2250,2000,500,NA,NA,4761,text,64,text,NA,NA,NA,NA,NA,NA,NA,NA,NA,NA,NA,NA,NA,NA,NA,NA,NA
Drimia,exigua,Drimia exigua,Asparagaceae,correct,EN,confident,1400-1600,1400,1600,1500,200,NA,NA,4372,text,12,text,NA,NA,NA,NA,NA,NA,NA,NA,NA,NA,NA,NA,NA,NA,NA,NA,NA
Drimia,simensis,Drimia simensis,Asparagaceae,under,EN,low_confidence,2880-3270,2880,3270,3075,390,"GD, SU",text,4870,text,12,text,yes,not present,not present,not present,present,not present,not present,not present,not present,not present,not present,present,not present,not present,not present,2,0
Echidnopsis,montana,Echidnopsis montana,Apocynaceae,correct,VU,confident,1300-2000,1300,2000,1650,700,NA,NA,18438.5,text,32,text,NA,NA,NA,NA,NA,NA,NA,NA,NA,NA,NA,NA,NA,NA,NA,NA,NA
Echinops,kebericho,Echinops kebericho,Asteraceae,over,NT,confident,2300-2600,2300,2600,2450,300,"GJ, SU, TU",text,82182,text,68,text,no,not present,not present,not present,not present,not present,present,not present,not present,not present,not present,present,present,not present,not present,3,1
Echinops,buhaitensis,Echinops buhaitensis,Asteraceae,correct,EN,confident,3350-3800,3350,3800,3575,450,NA,NA,12,text,12,text,NA,NA,NA,NA,NA,NA,NA,NA,NA,NA,NA,NA,NA,NA,NA,NA,NA
Echinops,longisetus,Echinops longisetus,Asteraceae,correct,LC,low_confidence,2000-3800,2000,3800,2900,1800,NA,NA,247730,text,180,geocat (RL points),NA,NA,NA,NA,NA,NA,NA,NA,NA,NA,NA,NA,NA,NA,NA,NA,NA
Echinops,ellenbeckii,Echinops ellenbeckii,Asteraceae,correct,VU,confident,2200-2950,2200,2950,2575,750,NA,NA,127963,text,116,text,NA,NA,NA,NA,NA,NA,NA,NA,NA,NA,NA,NA,NA,NA,NA,NA,NA
Emilia,adamagibaensis,Emilia adamagibaensis,Asteraceae,correct,EN,confident,1850,1850,1850,1850,0,NA,NA,8,text,8,text,NA,NA,NA,NA,NA,NA,NA,NA,NA,NA,NA,NA,NA,NA,NA,NA,NA
Emilia,negellensis,Emilia negellensis,Asteraceae,correct,EN,confident,1580-1620,1580,1620,1600,40,NA,NA,150,text,16,text,NA,NA,NA,NA,NA,NA,NA,NA,NA,NA,NA,NA,NA,NA,NA,NA,NA
Emilia,herbacea,Emilia herbacea,Asteraceae,over,LC,confident,1000-1950,1000,1950,1475,950,"BA, GG, HA, KF",text,111033,text,84,geocat (RL points),no,not present,not present,present,not present,present,not present,present,not present,present,not present,not present,not present,not present,not present,4,1
Emilia,serpentina,Emilia serpentina,Asteraceae,over,LC,confident,1350-2650,1350,2650,2000,1300,"HA, IL, SU, WG, WU",mapped,235150,text,128,text,yes,not present,not present,not present,not present,not present,not present,present,present,not present,not present,present,not present,present,present,5,1
Emilia,arvensis,Emilia arvensis,Asteraceae,over,LC,confident,2550-3050,2550,3050,2800,500,"HA, GG, SU",mapped,49897,text,3770,text,yes,not present,not present,not present,not present,present,not present,present,not present,not present,not present,present,not present,not present,not present,3,1
Endostemon,glandulosus,Endostemon glandulosus,Lamiaceae,correct,EN,confident,1630-1710,1630,1710,1670,80,NA,NA,8,text,8,text,NA,NA,NA,NA,NA,NA,NA,NA,NA,NA,NA,NA,NA,NA,NA,NA,NA
Equilabium,spananthum,Equilabium spananthum,Lamiaceae,correct,VU,confident,1150-1250,1150,1250,1200,100,NA,NA,4,text,4,text,NA,NA,NA,NA,NA,NA,NA,NA,NA,NA,NA,NA,NA,NA,NA,NA,NA
Eragrostis,astrepta,Eragrostis astrepta,Poaceae,correct,EN,confident,1490-1600,1490,1600,1545,110,NA,NA,5794,text,16,text,NA,NA,NA,NA,NA,NA,NA,NA,NA,NA,NA,NA,NA,NA,NA,NA,NA
Eriocaulon,aethiopicum,Eriocaulon aethiopicum,Eriocaulaceae,correct,VU,confident,2400,2400,2400,2400,0,NA,NA,4,infer,4,geocat (RL points),NA,NA,NA,NA,NA,NA,NA,NA,NA,NA,NA,NA,NA,NA,NA,NA,NA
Erythrina,brucei,Erythrina brucei,Fabaceae,correct,LC,low_confidence,1400-2600,1400,2600,2000,1200,NA,NA,254893,geocat (RL points),116,geocat (RL points),NA,NA,NA,NA,NA,NA,NA,NA,NA,NA,NA,NA,NA,NA,NA,NA,NA
Erythrina,burana,Erythrina burana,Fabaceae,over,LC,low_confidence,1350-2100,1350,2100,1725,750,HA,text,7553,geocat (RL points),80,geocat (RL points),yes,not present,not present,not present,not present,not present,not present,present,not present,not present,not present,not present,not present,not present,not present,1,1
Erythrococca,uniflora,Erythrococca uniflora,Euphorbiaceae,correct,EN,confident,950-1325,950,1325,1137.5,375,NA,NA,8,text,8,text,NA,NA,NA,NA,NA,NA,NA,NA,NA,NA,NA,NA,NA,NA,NA,NA,NA
Erythrophysa,septentrionalis,Erythrophysa septentrionalis,Sapindaceae,correct,EN,confident,600-800,600,800,700,200,NA,NA,8,text,8,text,NA,NA,NA,NA,NA,NA,NA,NA,NA,NA,NA,NA,NA,NA,NA,NA,NA
Eulophia,albobrunnea,Eulophia albobrunnea,Orchidaceae,correct,VU,confident,1650-2500,1650,2500,2075,850,NA,NA,91445,text,60,text,NA,NA,NA,NA,NA,NA,NA,NA,NA,NA,NA,NA,NA,NA,NA,NA,NA
Euphorbia,baleensis,Euphorbia baleensis,Euphorbiaceae,correct,EN,confident,1150-1450,1150,1450,1300,300,NA,NA,46.5,text,8,text,NA,NA,NA,NA,NA,NA,NA,NA,NA,NA,NA,NA,NA,NA,NA,NA,NA
Euphorbia,bitataensis,Euphorbia bitataensis,Euphorbiaceae,correct,EN,confident,1500-1600,1500,1600,1550,100,NA,NA,8,text,8,text,NA,NA,NA,NA,NA,NA,NA,NA,NA,NA,NA,NA,NA,NA,NA,NA,NA
Euphorbia,cryptocaulis,Euphorbia cryptocaulis,Euphorbiaceae,correct,EN,confident,1350-1600,1350,1600,1475,250,NA,NA,1147,text,16,text,NA,NA,NA,NA,NA,NA,NA,NA,NA,NA,NA,NA,NA,NA,NA,NA,NA
Euphorbia,dalettiensis,Euphorbia dalettiensis,Euphorbiaceae,correct,VU,confident,1200,1200,1200,1200,0,NA,NA,4,text,4,text,NA,NA,NA,NA,NA,NA,NA,NA,NA,NA,NA,NA,NA,NA,NA,NA,NA
Euphorbia,fissispina,Euphorbia fissispina,Euphorbiaceae,correct,EN,confident,350-750,350,750,550,400,NA,NA,8,text,8,text,NA,NA,NA,NA,NA,NA,NA,NA,NA,NA,NA,NA,NA,NA,NA,NA,NA
Euphorbia,gymnocalycioides,Euphorbia gymnocalycioides,Euphorbiaceae,correct,EN,confident,1300-1350,1300,1350,1325,50,NA,NA,383,text,12,text,NA,NA,NA,NA,NA,NA,NA,NA,NA,NA,NA,NA,NA,NA,NA,NA,NA
Euphorbia,makallensis,Euphorbia makallensis,Euphorbiaceae,correct,VU,confident,2260-2385,2260,2385,2322.5,125,NA,NA,42,text,10,text,NA,NA,NA,NA,NA,NA,NA,NA,NA,NA,NA,NA,NA,NA,NA,NA,NA
Euphorbia,michaelii,Euphorbia michaelii,Euphorbiaceae,correct,VU,confident,550-600,550,600,575,50,NA,NA,16,text,16,text,NA,NA,NA,NA,NA,NA,NA,NA,NA,NA,NA,NA,NA,NA,NA,NA,NA
Euphorbia,omariana,Euphorbia omariana,Euphorbiaceae,correct,EN,confident,1225-1550,1225,1550,1387.5,325,NA,NA,1100,text,16,text,NA,NA,NA,NA,NA,NA,NA,NA,NA,NA,NA,NA,NA,NA,NA,NA,NA
Euphorbia,piscidermis,Euphorbia piscidermis,Euphorbiaceae,correct,VU,confident,1000-1050,1000,1050,1025,50,NA,NA,27,text,6,text,NA,NA,NA,NA,NA,NA,NA,NA,NA,NA,NA,NA,NA,NA,NA,NA,NA
Euphorbia,rubella,Euphorbia rubella,Euphorbiaceae,correct,EN,low_confidence,1850-2200,1850,2200,2025,350,NA,NA,20,text,20,text,NA,NA,NA,NA,NA,NA,NA,NA,NA,NA,NA,NA,NA,NA,NA,NA,NA
Euphorbia,betulicortex,Euphorbia betulicortex,Euphorbiaceae,correct,CR,confident,900,900,900,900,0,NA,NA,4,geocat (RL points),4,geocat (RL points),NA,NA,NA,NA,NA,NA,NA,NA,NA,NA,NA,NA,NA,NA,NA,NA,NA
Euphorbia,burgeri,Euphorbia burgeri,Euphorbiaceae,correct,CR,confident,1200-1550,1200,1550,1375,350,NA,NA,55,text,24,geocat (RL points),NA,NA,NA,NA,NA,NA,NA,NA,NA,NA,NA,NA,NA,NA,NA,NA,NA
Euphorbia,doloensis,Euphorbia doloensis,Euphorbiaceae,correct,VU,confident,400,400,400,400,0,NA,NA,4,geocat (RL points),4,geocat (RL points),NA,NA,NA,NA,NA,NA,NA,NA,NA,NA,NA,NA,NA,NA,NA,NA,NA
Euphorbia,ogadenensis,Euphorbia ogadenensis,Euphorbiaceae,correct,EN,confident,305-457,381,457,419,76,NA,NA,2550,text,8,geocat (RL points),NA,NA,NA,NA,NA,NA,NA,NA,NA,NA,NA,NA,NA,NA,NA,NA,NA
Euphorbia,piceoides,Euphorbia piceoides,Euphorbiaceae,correct,CR,confident,320,320,320,320,0,NA,NA,4,geocat (RL points),4,geocat (RL points),NA,NA,NA,NA,NA,NA,NA,NA,NA,NA,NA,NA,NA,NA,NA,NA,NA
Euphorbia,uniglans,Euphorbia uniglans,Euphorbiaceae,correct,EN,confident,1400-1450,1400,1450,1425,50,NA,NA,75,text,20,geocat (RL points),NA,NA,NA,NA,NA,NA,NA,NA,NA,NA,NA,NA,NA,NA,NA,NA,NA
Euphorbia,furcatifolia,Euphorbia furcatifolia,Euphorbiaceae,correct,EN,confident,1600,1600,1600,1600,0,NA,NA,46,text,16,text,NA,NA,NA,NA,NA,NA,NA,NA,NA,NA,NA,NA,NA,NA,NA,NA,NA
Euphorbia,kabridarensis,Euphorbia kabridarensis,Euphorbiaceae,correct,CR,confident,900,900,900,900,0,NA,NA,4,infer,4,text,NA,NA,NA,NA,NA,NA,NA,NA,NA,NA,NA,NA,NA,NA,NA,NA,NA
Euphorbia,sareciana,Euphorbia sareciana,Euphorbiaceae,correct,VU,confident,1500,1500,1500,1500,0,NA,NA,4,infer,4,text,NA,NA,NA,NA,NA,NA,NA,NA,NA,NA,NA,NA,NA,NA,NA,NA,NA
Euphorbia,repetita,Euphorbia repetita,Euphorbiaceae,under,VU,confident,2160-2700,2160,2700,2430,540,"AR, GD, SU, TU, WU",text,74000,text,24,text,yes,not present,present,not present,present,not present,not present,not present,not present,not present,not present,present,present,not present,present,5,0
Euphorbia,awashensis,Euphorbia awashensis,Euphorbiaceae,correct,CR,confident,1000,1000,1000,1000,0,NA,NA,4,infer,4,text,NA,NA,NA,NA,NA,NA,NA,NA,NA,NA,NA,NA,NA,NA,NA,NA,NA
Euphorbia,dumalis,Euphorbia dumalis,Euphorbiaceae,over,LC,confident,2400-3600,2400,3600,3000,1200,"AR, BA, KF, SD, SU, WU",text,106391,text,108,text,yes,not present,present,present,not present,not present,not present,not present,not present,present,present,present,not present,not present,present,6,1
Euphorbia,monacantha,Euphorbia monacantha,Euphorbiaceae,correct,VU,confident,1200-1800,1200,1800,1500,600,NA,NA,58333,text,32,text,NA,NA,NA,NA,NA,NA,NA,NA,NA,NA,NA,NA,NA,NA,NA,NA,NA
Euphorbia,nigrispinoides,Euphorbia nigrispinoides,Euphorbiaceae,correct,EN,confident,1000-1700,1000,1700,1350,700,NA,NA,18,text,8,text,NA,NA,NA,NA,NA,NA,NA,NA,NA,NA,NA,NA,NA,NA,NA,NA,NA
Euphorbia,suborbicularis,Euphorbia suborbicularis,Euphorbiaceae,correct,CR,confident,300-550,300,550,425,250,NA,NA,38,text,8,text,NA,NA,NA,NA,NA,NA,NA,NA,NA,NA,NA,NA,NA,NA,NA,NA,NA
Euryops,prostratus,Euryops prostratus,Asteraceae,correct,VU,confident,3530-4300,3530,4300,3915,770,NA,NA,728,text,52,text,NA,NA,NA,NA,NA,NA,NA,NA,NA,NA,NA,NA,NA,NA,NA,NA,NA
Euryops,antinorii,Euryops antinorii,Asteraceae,over,NT,confident,2775-3600,2775,3600,3187.5,825,"AR, BA, SU",mapped,10107,text,24,text,yes,not present,present,present,not present,not present,not present,not present,not present,not present,not present,present,not present,not present,not present,3,1
Farsetia,ellenbeckii,Farsetia ellenbeckii,Brassicaceae,correct,EN,confident,800-1500,800,1500,1150,700,NA,NA,1978,text,18,text,NA,NA,NA,NA,NA,NA,NA,NA,NA,NA,NA,NA,NA,NA,NA,NA,NA
Festuca,macrophylla,Festuca macrophylla,Poaceae,under,VU,confident,3000-4100,3000,4100,3550,1100,"AR, GD, GJ, SU, WU",text,58931,text,50,text,yes,not present,present,not present,present,not present,present,not present,not present,not present,not present,present,not present,not present,present,5,0
Festuca,gilbertiana,Festuca gilbertiana,Poaceae,correct,EN,confident,3240,3240,3240,3240,0,NA,NA,13522.5,text,258,text,NA,NA,NA,NA,NA,NA,NA,NA,NA,NA,NA,NA,NA,NA,NA,NA,NA
Ficinia,borealis,Ficinia borealis,Cyperaceae,correct,CR,confident,2200-3000,2200,3000,2600,800,NA,NA,4,infer,4,text,NA,NA,NA,NA,NA,NA,NA,NA,NA,NA,NA,NA,NA,NA,NA,NA,NA
Galega,somalensis,Galega somalensis,Fabaceae,correct,EN,low_confidence,1600,1600,1600,1600,0,NA,NA,8,text,8,text,NA,NA,NA,NA,NA,NA,NA,NA,NA,NA,NA,NA,NA,NA,NA,NA,NA
Galium,boreoaethiopicum,Galium boreoaethiopicum,Rubiaceae,correct,EN,confident,2200-2800,2200,2800,2500,600,NA,NA,37442,text,264,text,NA,NA,NA,NA,NA,NA,NA,NA,NA,NA,NA,NA,NA,NA,NA,NA,NA
Gladiolus,lithicola,Gladiolus lithicola,Iridaceae,correct,EN,confident,2100-2750,2100,2750,2425,650,NA,NA,39.5,text,30,text,NA,NA,NA,NA,NA,NA,NA,NA,NA,NA,NA,NA,NA,NA,NA,NA,NA
Gladiolus,negeliensis,Gladiolus negeliensis,Iridaceae,correct,EN,confident,1500-1700,1500,1700,1600,200,NA,NA,45,text,12,text,NA,NA,NA,NA,NA,NA,NA,NA,NA,NA,NA,NA,NA,NA,NA,NA,NA
Gladiolus,balensis,Gladiolus balensis,Iridaceae,correct,EN,confident,1750-2420,1750,2420,2085,670,NA,NA,480,text,12,text,NA,NA,NA,NA,NA,NA,NA,NA,NA,NA,NA,NA,NA,NA,NA,NA,NA
Gladiolus,calcicola,Gladiolus calcicola,Iridaceae,correct,EN,confident,1320-2200,1320,2200,1760,880,NA,NA,2707,text,18,text,NA,NA,NA,NA,NA,NA,NA,NA,NA,NA,NA,NA,NA,NA,NA,NA,NA
Gladiolus,longispathaceus,Gladiolus longispathaceus,Iridaceae,correct,VU,confident,2400-3000,2400,3000,2700,600,NA,NA,6410,text,24,text,NA,NA,NA,NA,NA,NA,NA,NA,NA,NA,NA,NA,NA,NA,NA,NA,NA
Gnidia,elkerensis,Gnidia elkerensis,Thymelaeaceae,correct,VU,confident,1150-1250,1150,1250,1200,100,NA,NA,300,text,77,text,NA,NA,NA,NA,NA,NA,NA,NA,NA,NA,NA,NA,NA,NA,NA,NA,NA
Gymnosporia,addat,Gymnosporia addat,Celastraceae,correct,VU,confident,2200-3000,2200,3000,2600,800,NA,NA,59666,geocat (RL points),76,geocat (RL points),NA,NA,NA,NA,NA,NA,NA,NA,NA,NA,NA,NA,NA,NA,NA,NA,NA
Gymnosporia,harenensis,Gymnosporia harenensis,Celastraceae,correct,EN,confident,1600-3050,1600,3050,2325,1450,NA,NA,54,geocat (RL points),36,text,NA,NA,NA,NA,NA,NA,NA,NA,NA,NA,NA,NA,NA,NA,NA,NA,NA
Habenaria,gilbertii,Habenaria gilbertii,Orchidaceae,correct,EN,confident,2100,2100,2100,2100,0,NA,NA,50,text,8,text,NA,NA,NA,NA,NA,NA,NA,NA,NA,NA,NA,NA,NA,NA,NA,NA,NA
Habenaria,platyanthera,Habenaria platyanthera,Orchidaceae,correct,EN,confident,1500-2500,1500,2500,2000,1000,NA,NA,112689,text,18,text,NA,NA,NA,NA,NA,NA,NA,NA,NA,NA,NA,NA,NA,NA,NA,NA,NA
Habenaria,rivae,Habenaria rivae,Orchidaceae,correct,EN,confident,1300-2600,1300,2600,1950,1300,NA,NA,69142,text,16,text,NA,NA,NA,NA,NA,NA,NA,NA,NA,NA,NA,NA,NA,NA,NA,NA,NA
Habenaria,vollesenii,Habenaria vollesenii,Orchidaceae,correct,EN,confident,1200-1575,1200,1575,1387.5,375,NA,NA,1092,text,12,text,NA,NA,NA,NA,NA,NA,NA,NA,NA,NA,NA,NA,NA,NA,NA,NA,NA
Habenaria,excelsa,Habenaria excelsa,Orchidaceae,correct,EN,confident,3150-3500,3150,3500,3325,350,NA,NA,32937,geocat (RL points),12,text,NA,NA,NA,NA,NA,NA,NA,NA,NA,NA,NA,NA,NA,NA,NA,NA,NA
Habenaria,decumbens,Habenaria decumbens,Orchidaceae,correct,EN,confident,1900-2600,1900,2600,2250,700,NA,NA,3257,text,16,text,NA,NA,NA,NA,NA,NA,NA,NA,NA,NA,NA,NA,NA,NA,NA,NA,NA
Habenaria,aethiopica,Habenaria aethiopica,Orchidaceae,over,NT,confident,1800-2450,1800,2450,2125,650,"AR, GJ, KF, SU, WG",text,92517.5,text,48,text,no,not present,present,not present,not present,not present,present,not present,not present,present,not present,present,not present,present,not present,10,1
Habenaria,taeniodema,Habenaria taeniodema,Orchidaceae,correct,CR,confident,2200-2400,2200,2400,2300,200,NA,NA,4,infer,4,text,NA,NA,NA,NA,NA,NA,NA,NA,NA,NA,NA,NA,NA,NA,NA,NA,NA
Habenaria,montolivaea,Habenaria montolivaea,Orchidaceae,correct,VU,confident,1000-2600,1000,2600,1800,1600,NA,NA,103385,text,60,text,NA,NA,NA,NA,NA,NA,NA,NA,NA,NA,NA,NA,NA,NA,NA,NA,NA
Haplocarpha,hastata,Haplocarpha hastata,Asteraceae,correct,VU,confident,2300-3500,2300,3500,2900,1200,NA,NA,71427.5,text,52,text,NA,NA,NA,NA,NA,NA,NA,NA,NA,NA,NA,NA,NA,NA,NA,NA,NA
Helichrysum,hedbergianum,Helichrysum hedbergianum,Asteraceae,correct,VU,confident,1625-3300,1625,3300,2462.5,1675,NA,NA,71122,text,44,text,NA,NA,NA,NA,NA,NA,NA,NA,NA,NA,NA,NA,NA,NA,NA,NA,NA
Helichrysum,gofense,Helichrysum gofense,Asteraceae,over,LC,confident,3275-4375,3275,4375,3825,1100,"AR, BA, GG",text,21907,text,156,text,yes,not present,present,present,not present,present,not present,not present,not present,not present,not present,not present,not present,not present,not present,3,1
Helichrysum,horridum,Helichrysum horridum,Asteraceae,correct,LC,low_confidence,3300-3600,3300,3600,3450,300,NA,NA,25984,text,76,text,NA,NA,NA,NA,NA,NA,NA,NA,NA,NA,NA,NA,NA,NA,NA,NA,NA
Helichrysum,sclerochlaenum,Helichrysum sclerochlaenum,Asteraceae,correct,EN,confident,2450-3200,2450,3200,2825,750,NA,NA,19640,text,12,text,NA,NA,NA,NA,NA,NA,NA,NA,NA,NA,NA,NA,NA,NA,NA,NA,NA
Helichrysum,elephantinum,Helichrysum elephantinum,Asteraceae,over,LC,confident,2470-3320,2470,3320,2895,850,"AR, BA, GD, SD",mapped,99683,text,3762,text,yes,not present,present,present,present,not present,not present,not present,not present,not present,present,not present,not present,not present,not present,4,1
Helichrysum,harennense,Helichrysum harennense,Asteraceae,correct,EN,confident,3200-3500,3200,3500,3350,300,NA,NA,7428,text,452,text,NA,NA,NA,NA,NA,NA,NA,NA,NA,NA,NA,NA,NA,NA,NA,NA,NA
Herniaria,abyssinica,Herniaria abyssinica,Caryophyllaceae,correct,EN,confident,3300-3900,3300,3900,3600,600,NA,NA,17960,text,32,text,NA,NA,NA,NA,NA,NA,NA,NA,NA,NA,NA,NA,NA,NA,NA,NA,NA
Hibiscus,boranensis,Hibiscus boranensis,Malvaceae,correct,VU,confident,1200-1750,1200,1750,1475,550,NA,NA,4015.5,text,30,text,NA,NA,NA,NA,NA,NA,NA,NA,NA,NA,NA,NA,NA,NA,NA,NA,NA
Hirpicium,beguinotii,Hirpicium beguinotii,Asteraceae,correct,EN,confident,1900-2130,1900,2130,2015,230,NA,NA,588,text,20,text,NA,NA,NA,NA,NA,NA,NA,NA,NA,NA,NA,NA,NA,NA,NA,NA,NA
Holothrix,unifolia,Holothrix unifolia,Orchidaceae,correct,VU,confident,2500-2900,2500,2900,2700,400,NA,NA,12466,text,28,text,NA,NA,NA,NA,NA,NA,NA,NA,NA,NA,NA,NA,NA,NA,NA,NA,NA
Huernia,delicata,Huernia delicata,Apocynaceae,correct,VU,confident,1300-2200,1300,2200,1750,900,NA,NA,11095,text,36,text,NA,NA,NA,NA,NA,NA,NA,NA,NA,NA,NA,NA,NA,NA,NA,NA,NA
Huernia,boleana,Huernia boleana,Apocynaceae,correct,EN,confident,1700-2400,1700,2400,2050,700,NA,NA,2529,text,16,text,NA,NA,NA,NA,NA,NA,NA,NA,NA,NA,NA,NA,NA,NA,NA,NA,NA
Hybanthus,puberulus,Hybanthus puberulus,Violaceae,correct,EN,confident,1300-1650,1300,1650,1475,350,NA,NA,84,text,12,text,NA,NA,NA,NA,NA,NA,NA,NA,NA,NA,NA,NA,NA,NA,NA,NA,NA
Hyparrhenia,tuberculata,Hyparrhenia tuberculata,Poaceae,correct,VU,confident,2400-3048,2400,3048,2724,648,NA,NA,16927,text,44,text,NA,NA,NA,NA,NA,NA,NA,NA,NA,NA,NA,NA,NA,NA,NA,NA,NA
Hyparrhenia,arrhenobasis,Hyparrhenia arrhenobasis,Poaceae,correct,LC,confident,2000-3000,2000,3000,2500,1000,NA,NA,281817,text,180,text,NA,NA,NA,NA,NA,NA,NA,NA,NA,NA,NA,NA,NA,NA,NA,NA,NA
Hyparrhenia,claytonii,Hyparrhenia claytonii,Poaceae,correct,CR,confident,2100,2100,2100,2100,0,NA,NA,4,infer,4,text,NA,NA,NA,NA,NA,NA,NA,NA,NA,NA,NA,NA,NA,NA,NA,NA,NA
Hypericum,gnidiifolium,Hypericum gnidiifolium,Hypericaceae,under,CR,confident,1900-2700,1900,2700,2300,800,"SU, TU",text,8,infer,8,infer,no,not present,not present,not present,not present,not present,not present,not present,not present,not present,not present,present,present,not present,not present,2,0
Impatiens,rothii,Impatiens rothii,Balsaminaceae,over,LC,low_confidence,1800-3500,1800,3500,2650,1700,"AR, BA, GJ, HA, KF, SD, SU, WG, WU",text,248852,text,180,text,yes,not present,present,present,not present,not present,present,present,not present,present,present,present,not present,present,present,11,1
Indigofera,rothii,Indigofera rothii,Fabaceae,under,EN,low_confidence,2150-2800,2150,2800,2475,650,"HA, SU",text,1202,text,28,text,no,not present,not present,not present,not present,not present,not present,present,not present,not present,not present,present,not present,not present,not present,11,0
Indigofera,curvirostrata,Indigofera curvirostrata,Fabaceae,correct,CR,confident,900,900,900,900,0,NA,NA,8,text,8,text,NA,NA,NA,NA,NA,NA,NA,NA,NA,NA,NA,NA,NA,NA,NA,NA,NA
Indigofera,sparsa,Indigofera sparsa,Fabaceae,under,EN,low_confidence,1500-1600,1500,1600,1550,100,"GD, TU, WG",text,139,text,8,text,no,not present,not present,not present,present,not present,not present,not present,not present,not present,not present,not present,present,present,not present,3,0
Indigofera,mooneyi,Indigofera mooneyi,Fabaceae,correct,EN,confident,1650-2000,1650,2000,1825,350,NA,NA,9393,text,20,text,NA,NA,NA,NA,NA,NA,NA,NA,NA,NA,NA,NA,NA,NA,NA,NA,NA
Indigofera,dembianensis,Indigofera dembianensis,Fabaceae,under,EN,low_confidence,1500-2000,1500,2000,1750,500,"GD, SU, TU",text,23194,text,20,text,no,not present,not present,not present,present,not present,not present,not present,not present,not present,not present,present,present,not present,not present,3,0
Inula,arbuscula,Inula arbuscula,Asteraceae,under,VU,low_confidence,3200-3600,3200,3600,3400,400,"BA, GD, SU, WU",text,35722,text,264,text,yes,not present,not present,present,present,not present,not present,not present,not present,not present,not present,present,not present,not present,present,4,0
Ipomoea,sidamensis,Ipomoea sidamensis,Convolvulaceae,correct,EN,confident,1300-1700,1300,1700,1500,400,NA,NA,585,text,16,text,NA,NA,NA,NA,NA,NA,NA,NA,NA,NA,NA,NA,NA,NA,NA,NA,NA
Ipomoea,sofomarensis,Ipomoea sofomarensis,Convolvulaceae,correct,CR,confident,1400,1400,1400,1400,0,NA,NA,4,infer,4,text,NA,NA,NA,NA,NA,NA,NA,NA,NA,NA,NA,NA,NA,NA,NA,NA,NA
Isoglossa,parvifolia,Isoglossa parvifolia,Acanthaceae,over,NT,low_confidence,870-1600,870,1600,1235,730,"BA, HA, SD",text,61807,text,64,text,yes,not present,not present,present,not present,not present,not present,present,not present,not present,present,not present,not present,not present,not present,3,1
Isolepis,omissa,Isolepis omissa,Cyperaceae,correct,EN,confident,3300-3900,3300,3900,3600,600,NA,NA,201,text,12,text,NA,NA,NA,NA,NA,NA,NA,NA,NA,NA,NA,NA,NA,NA,NA,NA,NA
Jatropha,horizontalis,Jatropha horizontalis,Euphorbiaceae,correct,VU,confident,1270-1500,1270,1500,1385,230,NA,NA,1622,text,28,text,NA,NA,NA,NA,NA,NA,NA,NA,NA,NA,NA,NA,NA,NA,NA,NA,NA
Justicia,schoensis,Justicia schoensis,Acanthaceae,correct,VU,confident,2000-2800,2000,2800,2400,800,NA,NA,10151,text,76,text,NA,NA,NA,NA,NA,NA,NA,NA,NA,NA,NA,NA,NA,NA,NA,NA,NA
Justicia,dallarii,Justicia dallarii,Acanthaceae,over,LC,confident,1500-2100,1500,2100,1800,600,"GG, IL, SD, WG",text,48011,text,28,text,no,not present,not present,not present,not present,present,not present,not present,present,not present,present,not present,not present,present,not present,4,1
Kalanchoe,hypseloleuce,Kalanchoe hypseloleuce,Crassulaceae,correct,VU,confident,1350-1400,1350,1400,1375,50,NA,NA,23378,text,38,text,NA,NA,NA,NA,NA,NA,NA,NA,NA,NA,NA,NA,NA,NA,NA,NA,NA
Kalanchoe,quartiniana,Kalanchoe quartiniana,Crassulaceae,under,EN,confident,2150,2150,2150,2150,0,"GD, TU",text,32900,text,12,text,yes,not present,not present,not present,present,not present,not present,not present,not present,not present,not present,not present,present,not present,not present,2,0
Kanahia,carlsbergiana,Kanahia carlsbergiana,Apocynaceae,correct,EN,confident,1300-1900,1300,1900,1600,600,NA,NA,2342,text,16,text,NA,NA,NA,NA,NA,NA,NA,NA,NA,NA,NA,NA,NA,NA,NA,NA,NA
Kleinia,ogadensis,Kleinia ogadensis,Asteraceae,correct,EN,confident,1052-1259,1052,1259,1155.5,207,NA,NA,26.5,text,8,text,NA,NA,NA,NA,NA,NA,NA,NA,NA,NA,NA,NA,NA,NA,NA,NA,NA
Kleinia,polycotoma,Kleinia gypsophila,Asteraceae,under,EN,confident,350-900,350,900,625,550,HA,text,10440,text,12,text,yes,not present,not present,not present,not present,not present,not present,present,not present,not present,not present,not present,not present,not present,not present,1,0
Kleinia,isabellae,Kleinia isabellae,Asteraceae,correct,CR,confident,300-500,300,500,400,200,NA,NA,4,infer,4,text,NA,NA,NA,NA,NA,NA,NA,NA,NA,NA,NA,NA,NA,NA,NA,NA,NA
Kniphofia,isoetifolia,Kniphofia isoetifolia,Asphodelaceae,correct,LC,confident,2050-3650,2050,3650,2850,1600,NA,NA,388285,text,120,text,NA,NA,NA,NA,NA,NA,NA,NA,NA,NA,NA,NA,NA,NA,NA,NA,NA
Kniphofia,hildebrandtii,Kniphofia hildebrandtii,Asphodelaceae,correct,EN,confident,2000-2450,2000,2450,2225,450,NA,NA,407,text,16,text,NA,NA,NA,NA,NA,NA,NA,NA,NA,NA,NA,NA,NA,NA,NA,NA,NA
Kniphofia,insignis,Kniphofia insignis,Asphodelaceae,under,VU,low_confidence,2450-2850,2450,2850,2650,400,"AR, HA, SU",text,83280,text,36,text,yes,not present,present,not present,not present,not present,not present,present,not present,not present,not present,present,not present,not present,not present,3,0
Kniphofia,foliosa,Kniphofia foliosa,Asphodelaceae,correct,LC,confident,2400-4000,2400,4000,3200,1600,NA,NA,255227,text,216,text,NA,NA,NA,NA,NA,NA,NA,NA,NA,NA,NA,NA,NA,NA,NA,NA,NA
Kohautia,platyphylla,Kohautia platyphylla,Rubiaceae,correct,LC,low_confidence,1700-2600,1700,2600,2150,900,NA,NA,108554,text,104,geocat (RL points),NA,NA,NA,NA,NA,NA,NA,NA,NA,NA,NA,NA,NA,NA,NA,NA,NA
Lagarosiphon,steudneri,Lagarosiphon steudneri,Hydrocharitaceae,correct,VU,low_confidence,0-50,0,50,25,50,NA,NA,16909,geocat (RL points),44,geocat (RL points),NA,NA,NA,NA,NA,NA,NA,NA,NA,NA,NA,NA,NA,NA,NA,NA,NA
Ledebouria,urceolata,Ledebouria urceolata,Asparagaceae,correct,VU,confident,2500-2700,2500,2700,2600,200,NA,NA,18934,text,24,text,NA,NA,NA,NA,NA,NA,NA,NA,NA,NA,NA,NA,NA,NA,NA,NA,NA
Leucas,aequistylosa,Leucas aequistylosa,Lamiaceae,correct,VU,confident,1625-1850,1625,1850,1737.5,225,NA,NA,855,text,12,text,NA,NA,NA,NA,NA,NA,NA,NA,NA,NA,NA,NA,NA,NA,NA,NA,NA
Leucas,stachydiformis,Leucas stachydiformis,Lamiaceae,correct,LC,low_confidence,1700-3200,1700,3200,2450,1500,NA,NA,268731,text,292,text,NA,NA,NA,NA,NA,NA,NA,NA,NA,NA,NA,NA,NA,NA,NA,NA,NA
Leucas,gypsicola,Leucas gypsicola,Lamiaceae,correct,CR,confident,950,950,950,950,0,NA,NA,4,infer,4,text,NA,NA,NA,NA,NA,NA,NA,NA,NA,NA,NA,NA,NA,NA,NA,NA,NA
Lindenbergia,awashensis,Lindenbergia awashensis,Orobanchaceae,correct,EN,confident,600-1500,600,1500,1050,900,NA,NA,666,text,52,text,NA,NA,NA,NA,NA,NA,NA,NA,NA,NA,NA,NA,NA,NA,NA,NA,NA
Liparis,abyssinica,Liparis abyssinica,Orchidaceae,correct,EN,low_confidence,2000-2300,2000,2300,2150,300,NA,NA,134,text,8,text,NA,NA,NA,NA,NA,NA,NA,NA,NA,NA,NA,NA,NA,NA,NA,NA,NA
Lobelia,tripartita,Lobelia tripartita,Campanulaceae,correct,CR,confident,2100-2300,2100,2300,2200,200,NA,NA,8,text,8,text,NA,NA,NA,NA,NA,NA,NA,NA,NA,NA,NA,NA,NA,NA,NA,NA,NA
Lobelia,scebelii,Lobelia scebelii,Campanulaceae,over,LC,confident,1600-3100,1600,3100,2350,1500,"AR, BA, SD",text,33174,text,116,text,yes,not present,present,present,not present,not present,not present,not present,not present,not present,present,not present,not present,not present,not present,3,1
Lobelia,acrochila,Lobelia acrochila,Campanulaceae,over,NT,confident,2650-3250,2650,3250,2950,600,"AR, BA, HA, SU",text,23372,text,64,text,yes,not present,present,present,not present,not present,not present,present,not present,not present,not present,present,not present,not present,not present,4,1
Lobelia,schimperi,Lobelia schimperi,Campanulaceae,under,VU,low_confidence,2400-3800,2400,3800,3100,1400,GD,text,457,text,32,text,yes,not present,not present,not present,present,not present,not present,not present,not present,not present,not present,not present,not present,not present,not present,9,0
Lobelia,rhynchopetalum,Lobelia rhynchopetalum,Campanulaceae,under,CR,low_confidence,3000-4350,3000,4350,3675,1350,"AR, BA, HA, GD, GJ, SU, WU",text,121495.5,text,182,text,yes,not present,present,present,present,not present,present,present,not present,not present,not present,present,not present,not present,present,7,0
Lobelia,erlangeriana,Lobelia erlangeriana,Campanulaceae,over,NT,confident,3200-4100,3200,4100,3650,900,"AR, BA, GG, SD, SU",mapped,17096,text,88,text,yes,not present,present,present,not present,present,not present,not present,not present,not present,present,present,not present,not present,not present,5,1
Maerua,boranensis,Maerua boranensis,Capparaceae,correct,EN,confident,750-1400,750,1400,1075,650,NA,NA,14591,text,16,text,NA,NA,NA,NA,NA,NA,NA,NA,NA,NA,NA,NA,NA,NA,NA,NA,NA
Malva,aethiopica,Malva aethiopica,Malvaceae,correct,VU,confident,2275-3050,2275,3050,2662.5,775,NA,NA,51643,text,32,text,NA,NA,NA,NA,NA,NA,NA,NA,NA,NA,NA,NA,NA,NA,NA,NA,NA
Melhania,somalensis,Melhania somalensis,Malvaceae,correct,EN,low_confidence,1400,1400,1400,1400,0,NA,NA,26,text,8,text,NA,NA,NA,NA,NA,NA,NA,NA,NA,NA,NA,NA,NA,NA,NA,NA,NA
Melhania,beguinotii,Melhania beguinotii,Malvaceae,correct,EN,confident,1250-1600,1250,1600,1425,350,NA,NA,3641,text,36,geocat (RL points),NA,NA,NA,NA,NA,NA,NA,NA,NA,NA,NA,NA,NA,NA,NA,NA,NA
Melhania,zavattarii,Melhania zavattarii,Malvaceae,correct,EN,confident,1400-2000,1400,2000,1700,600,NA,NA,4773,text,28,text,NA,NA,NA,NA,NA,NA,NA,NA,NA,NA,NA,NA,NA,NA,NA,NA,NA
Merremia,warderensis,Merremia warderensis,Convolvulaceae,correct,CR,confident,460,460,460,460,0,NA,NA,4,infer,4,text,NA,NA,NA,NA,NA,NA,NA,NA,NA,NA,NA,NA,NA,NA,NA,NA,NA
Merremia,gallabatensis,Merremia gallabatensis,Convolvulaceae,under,EN,low_confidence,750-850,750,850,800,100,"GJ, GD",text,12,text,12,text,yes,not present,not present,not present,present,not present,present,not present,not present,not present,not present,not present,not present,not present,not present,2,0
Merxmuellera,grandiflora,Merxmuellera grandiflora,Poaceae,correct,LC,confident,3760,3760,3760,3760,0,NA,NA,4,infer,4,text,NA,NA,NA,NA,NA,NA,NA,NA,NA,NA,NA,NA,NA,NA,NA,NA,NA
Microcharis,cana,Microcharis cana,Fabaceae,correct,EN,confident,1200-1800,1200,1800,1500,600,NA,NA,8,infer,8,text,NA,NA,NA,NA,NA,NA,NA,NA,NA,NA,NA,NA,NA,NA,NA,NA,NA
Mikaniopsis,clematoides,Mikaniopsis clematoides,Asteraceae,correct,LC,low_confidence,2000-3300,2000,3300,2650,1300,NA,NA,361007,text,220,geocat (RL points),NA,NA,NA,NA,NA,NA,NA,NA,NA,NA,NA,NA,NA,NA,NA,NA,NA
Millettia,ferruginea,Millettia ferruginea,Fabaceae,correct,LC,confident,1315-2700,1315,2700,2007.5,1385,NA,NA,432947,geocat (RL points),260,geocat (RL points),NA,NA,NA,NA,NA,NA,NA,NA,NA,NA,NA,NA,NA,NA,NA,NA,NA
Mucuna,mooneyi,Mucuna mooneyi,Fabaceae,correct,VU,confident,1820-2150,1820,2150,1985,330,NA,NA,22203,text,24,text,NA,NA,NA,NA,NA,NA,NA,NA,NA,NA,NA,NA,NA,NA,NA,NA,NA
Ocimum,formosum,Ocimum formosum,Lamiaceae,correct,EN,confident,1600-1850,1600,1850,1725,250,NA,NA,18646,text,14,text,NA,NA,NA,NA,NA,NA,NA,NA,NA,NA,NA,NA,NA,NA,NA,NA,NA
Ocimum,ellenbeckii,Ocimum ellenbeckii,Lamiaceae,correct,EN,confident,1300,1300,1300,1300,0,NA,NA,8,text,8,text,NA,NA,NA,NA,NA,NA,NA,NA,NA,NA,NA,NA,NA,NA,NA,NA,NA
Orbea,circes,Orbea circes,Apocynaceae,correct,EN,confident,1100-1150,1100,1150,1125,50,NA,NA,8,text,8,text,NA,NA,NA,NA,NA,NA,NA,NA,NA,NA,NA,NA,NA,NA,NA,NA,NA
Orbea,gilbertii,Orbea gilbertii,Apocynaceae,correct,CR,confident,1800-1900,1800,1900,1850,100,NA,NA,4,text,4,text,NA,NA,NA,NA,NA,NA,NA,NA,NA,NA,NA,NA,NA,NA,NA,NA,NA
Oreoschimperella,verrucosa,Oreoschimperella verrucosa,Apiaceae,correct,LC,low_confidence,1900-3800,1900,3800,2850,1900,NA,NA,402454,text,220,text,NA,NA,NA,NA,NA,NA,NA,NA,NA,NA,NA,NA,NA,NA,NA,NA,NA
Orthosiphon,grandiflorus,Orthosiphon grandiflorus,Lamiaceae,correct,EN,low_confidence,350,350,350,350,0,NA,NA,8,infer,8,text,NA,NA,NA,NA,NA,NA,NA,NA,NA,NA,NA,NA,NA,NA,NA,NA,NA
Panicum,ruspolii,Panicum ruspolii,Poaceae,correct,LC,low_confidence,1300-1900,1300,1900,1600,600,NA,NA,58199,text,72,text,NA,NA,NA,NA,NA,NA,NA,NA,NA,NA,NA,NA,NA,NA,NA,NA,NA
Panicum,dorsense,Panicum dorsense,Poaceae,correct,CR,confident,2150,2150,2150,2150,0,NA,NA,4,text,4,text,NA,NA,NA,NA,NA,NA,NA,NA,NA,NA,NA,NA,NA,NA,NA,NA,NA
Paronychia,bryoides,Paronychia bryoides,Caryophyllaceae,under,EN,low_confidence,3748-4475,3748,4475,4111.5,727,GD,text,25,text,20,text,yes,not present,not present,not present,present,not present,not present,not present,not present,not present,not present,not present,not present,not present,not present,1,0
Pelargonium,boranense,Pelargonium boranense,Geraniaceae,correct,VU,confident,1150-1600,1150,1600,1375,450,NA,NA,25048,text,32,text,NA,NA,NA,NA,NA,NA,NA,NA,NA,NA,NA,NA,NA,NA,NA,NA,NA
Pelargonium,wonchiense,Pelargonium wonchiense,Geraniaceae,correct,CR,confident,3000,3000,3000,3000,0,NA,NA,4,infer,4,text,NA,NA,NA,NA,NA,NA,NA,NA,NA,NA,NA,NA,NA,NA,NA,NA,NA
Pelargonium,hararense,Pelargonium hararense,Geraniaceae,correct,CR,confident,2750-2850,2750,2850,2800,100,NA,NA,59,text,44,text,NA,NA,NA,NA,NA,NA,NA,NA,NA,NA,NA,NA,NA,NA,NA,NA,NA
Pelargonium,erlangerianum,Pelargonium erlangerianum,Geraniaceae,correct,VU,low_confidence,1300-2150,1300,2150,1725,850,NA,NA,55043,text,44,text,NA,NA,NA,NA,NA,NA,NA,NA,NA,NA,NA,NA,NA,NA,NA,NA,NA
Pentameris,dolichochaeta,Pentameris dolichochaeta,Poaceae,correct,EN,confident,3000,3000,3000,3000,0,NA,NA,20,text,12,text,NA,NA,NA,NA,NA,NA,NA,NA,NA,NA,NA,NA,NA,NA,NA,NA,NA
Pentameris,trisetoides,Pentameris trisetoides,Poaceae,correct,LC,confident,2500-4000,2500,4000,3250,1500,NA,NA,101683,text,60,text,NA,NA,NA,NA,NA,NA,NA,NA,NA,NA,NA,NA,NA,NA,NA,NA,NA
Pentanema,confertiflorum,Pentanema confertiflorum,Asteraceae,correct,LC,low_confidence,2500-3730,2500,3730,3115,1230,NA,NA,241798,text,212,text,NA,NA,NA,NA,NA,NA,NA,NA,NA,NA,NA,NA,NA,NA,NA,NA,NA
Pentas,caffensis,Pentas caffensis,Rubiaceae,over,NT,confident,1400-2000,1400,2000,1700,600,"GJ, IL, KF, WG",mapped,113280,text,60,text,yes,not present,not present,not present,not present,not present,present,not present,present,present,not present,not present,not present,present,not present,4,1
Phragmanthera,macrosolen,Phragmanthera macrosolen,Loranthaceae,over,LC,low_confidence,1100-2500,1100,2500,1800,1400,"GJ, GD, IL, KF, SD, SU, TU, WG",text,278731,text,156,text,yes,not present,not present,not present,present,not present,present,not present,present,present,present,present,present,present,not present,8,1
Phragmanthera,sarertaensis,Phragmanthera sarertaensis,Loranthaceae,correct,VU,confident,2300-2650,2300,2650,2475,350,NA,NA,34212,text,40,text,NA,NA,NA,NA,NA,NA,NA,NA,NA,NA,NA,NA,NA,NA,NA,NA,NA
Phyllanthus,dewildeorum,Phyllanthus dewildeorum,Phyllanthaceae,correct,EN,confident,1400,1400,1400,1400,0,NA,NA,19729,geocat (RL points),20,geocat (RL points),NA,NA,NA,NA,NA,NA,NA,NA,NA,NA,NA,NA,NA,NA,NA,NA,NA
Phyllanthus,borenensis,Phyllanthus borenensis,Phyllanthaceae,correct,CR,confident,1100,1100,1100,1100,0,NA,NA,4,infer,4,text,NA,NA,NA,NA,NA,NA,NA,NA,NA,NA,NA,NA,NA,NA,NA,NA,NA
Phyllopentas,tenuis,Phyllopentas tenuis,Rubiaceae,correct,VU,confident,1300-2000,1300,2000,1650,700,NA,NA,30432,text,32,text,NA,NA,NA,NA,NA,NA,NA,NA,NA,NA,NA,NA,NA,NA,NA,NA,NA
Phyllopentas,concinna,Phyllopentas concinna,Rubiaceae,correct,EN,confident,1400-1800,1400,1800,1600,400,NA,NA,192,text,12,text,NA,NA,NA,NA,NA,NA,NA,NA,NA,NA,NA,NA,NA,NA,NA,NA,NA
Pimpinella,ahmarensis,Pimpinella ahmarensis,Apiaceae,correct,EN,confident,2181-2400,2181,2400,2290.5,219,NA,NA,188,text,12,text,NA,NA,NA,NA,NA,NA,NA,NA,NA,NA,NA,NA,NA,NA,NA,NA,NA
Pimpinella,heywoodii,Pimpinella heywoodii,Apiaceae,over,LC,confident,1400-2400,1400,2400,1900,1000,"KF, SU, SD, WG",text,53534,text,60,text,yes,not present,not present,not present,not present,not present,not present,not present,not present,present,present,present,not present,present,not present,4,1
Pimpinella,schimperi,Pimpinella schimperi,Apiaceae,correct,VU,confident,1650-2500,1650,2500,2075,850,NA,NA,107,text,12,text,NA,NA,NA,NA,NA,NA,NA,NA,NA,NA,NA,NA,NA,NA,NA,NA,NA
Pimpinella,pimpinelloides,Pimpinella pimpinelloides,Apiaceae,under,EN,confident,3200-4500,3200,4500,3850,1300,GD,text,12,text,8,text,yes,not present,not present,not present,present,not present,not present,not present,not present,not present,not present,not present,not present,not present,not present,1,0
Plantago,annua,Plantago annua,Plantaginaceae,over,NT,confident,1300-1800,1300,1800,1550,500,"BA, HA, SD",text,24486,text,20,text,yes,not present,not present,present,not present,not present,not present,present,not present,not present,present,not present,not present,not present,not present,3,1
Plicosepalus,ogadenensis,Plicosepalus ogadenensis,Loranthaceae,correct,EN,confident,500-570,500,570,535,70,NA,NA,24,text,12,text,NA,NA,NA,NA,NA,NA,NA,NA,NA,NA,NA,NA,NA,NA,NA,NA,NA
Plicosepalus,robustus,Plicosepalus robustus,Loranthaceae,correct,CR,confident,1600,1600,1600,1600,0,NA,NA,4,text,4,text,NA,NA,NA,NA,NA,NA,NA,NA,NA,NA,NA,NA,NA,NA,NA,NA,NA
Poa,hedbergii,Poa hedbergii,Poaceae,over,LC,confident,3700-4300,3700,4300,4000,600,"AR, BA",text,103,text,12,text,yes,not present,present,present,not present,not present,not present,not present,not present,not present,not present,not present,not present,not present,not present,2,1
Poa,pumilio,Poa pumilio,Poaceae,under,CR,confident,4200,4200,4200,4200,0,GD,text,18,text,18,text,yes,not present,not present,not present,present,not present,not present,not present,not present,not present,not present,not present,not present,not present,not present,1,0
Polygala,mooneyi,Polygala mooneyi,Polygalaceae,correct,EN,confident,1800-2000,1800,2000,1900,200,NA,NA,12,text,12,text,NA,NA,NA,NA,NA,NA,NA,NA,NA,NA,NA,NA,NA,NA,NA,NA,NA
Polygala,gondarensis,Polygala gondarensis,Polygalaceae,over,LC,low_confidence,1700-2000,1700,2000,1850,300,"KF, SD, WG",text,49475,text,20,geocat (GBIF points),yes,not present,not present,not present,not present,not present,not present,not present,not present,present,present,not present,not present,present,not present,3,1
Polyscias,farinosa,Polyscias farinosa,Araliaceae,correct,NT,low_confidence,1700-2100,1700,2100,1900,400,NA,NA,160060,text,56,text,NA,NA,NA,NA,NA,NA,NA,NA,NA,NA,NA,NA,NA,NA,NA,NA,NA
Polysphaeria,aethiopica,Polysphaeria aethiopica,Rubiaceae,correct,EN,confident,800-1350,800,1350,1075,550,NA,NA,246,geocat (RL points),12,geocat (RL points),NA,NA,NA,NA,NA,NA,NA,NA,NA,NA,NA,NA,NA,NA,NA,NA,NA
Polystachya,caduca,Polystachya caduca,Orchidaceae,over,NT,confident,2400-2600,2400,2600,2500,200,"AR, BA, GJ, HA, KF, SD, SU, WG",text,194699,text,56,text,yes,not present,present,present,not present,not present,present,present,not present,present,present,present,not present,present,not present,8,1
Polystachya,aethiopica,Polystachya aethiopica,Orchidaceae,correct,VU,confident,1350-2200,1350,2200,1775,850,NA,NA,47873,text,36,text,NA,NA,NA,NA,NA,NA,NA,NA,NA,NA,NA,NA,NA,NA,NA,NA,NA
Pseudog phalium,petitianum,Pseudognaphalium petitianum,Asteraceae,under,EN,low_confidence,2800-2875,2800,2875,2837.5,75,NA,NA,12492,text,16,text,NA,NA,NA,NA,NA,NA,NA,NA,NA,NA,NA,NA,NA,NA,NA,NA,NA
Pseudolithos,gigas,Pseudolithos gigas,Apocynaceae,correct,EN,confident,300-600,300,600,450,300,NA,NA,8,infer,8,text,NA,NA,NA,NA,NA,NA,NA,NA,NA,NA,NA,NA,NA,NA,NA,NA,NA
Ranunculus,simensis,Ranunculus simensis,Ranunculaceae,correct,NT,low_confidence,2400-3150,2400,3150,2775,750,NA,NA,138741,text,92,text,NA,NA,NA,NA,NA,NA,NA,NA,NA,NA,NA,NA,NA,NA,NA,NA,NA
Ranunculus,tembensis,Ranunculus tembensis,Ranunculaceae,under,EN,low_confidence,3050-3500,3050,3500,3275,450,"BA, GD, TU",text,25737,text,20,text,yes,not present,not present,present,present,not present,not present,not present,not present,not present,not present,not present,present,not present,not present,3,0
Ranunculus,distrias,Ranunculus distrias,Ranunculaceae,correct,NT,low_confidence,2400-3100,2400,3100,2750,700,NA,NA,92978,text,52,text,NA,NA,NA,NA,NA,NA,NA,NA,NA,NA,NA,NA,NA,NA,NA,NA,NA
Rhinacanthus,mucronatus,Rhinacanthus mucronatus,Acanthaceae,correct,EN,confident,1275-1625,1275,1625,1450,350,NA,NA,2128,text,24,text,NA,NA,NA,NA,NA,NA,NA,NA,NA,NA,NA,NA,NA,NA,NA,NA,NA
Rhipidoglossum,candidum,Rhipidoglossum candidum,Orchidaceae,correct,EN,confident,2000-2100,2000,2100,2050,100,NA,NA,17012,text,12,text,NA,NA,NA,NA,NA,NA,NA,NA,NA,NA,NA,NA,NA,NA,NA,NA,NA
Rhynchosia,erlangeri,Rhynchosia erlangeri,Fabaceae,correct,EN,low_confidence,1840-2600,1840,2600,2220,760,NA,NA,2522,text,20,text,NA,NA,NA,NA,NA,NA,NA,NA,NA,NA,NA,NA,NA,NA,NA,NA,NA
Rhynchosia,malacotricha,Rhynchosia malacotricha,Fabaceae,correct,EN,low_confidence,1350-2000,1350,2000,1675,650,NA,NA,2601,text,28,text,NA,NA,NA,NA,NA,NA,NA,NA,NA,NA,NA,NA,NA,NA,NA,NA,NA
Rhynchosia,stipulosa,Rhynchosia stipulosa,Fabaceae,under,EN,confident,1000-1800,1000,1800,1400,800,"TU, WG, WU",text,16,infer,16,text,no,not present,not present,not present,not present,not present,not present,not present,not present,not present,not present,not present,present,present,present,3,0
Rinorea,friisii,Rinorea friisii,Violaceae,correct,EN,confident,1000-1200,1000,1200,1100,200,NA,NA,75,geocat (RL points),12,geocat (RL points),NA,NA,NA,NA,NA,NA,NA,NA,NA,NA,NA,NA,NA,NA,NA,NA,NA
Roeperocharis,urbaniana,Roeperocharis urbaniana,Orchidaceae,correct,EN,low_confidence,2750,2750,2750,2750,0,NA,NA,8,text,8,text,NA,NA,NA,NA,NA,NA,NA,NA,NA,NA,NA,NA,NA,NA,NA,NA,NA
Roeperocharis,alcicornis,Roeperocharis alcicornis,Orchidaceae,correct,EN,low_confidence,2600,2600,2600,2600,0,NA,NA,2121,text,12,text,NA,NA,NA,NA,NA,NA,NA,NA,NA,NA,NA,NA,NA,NA,NA,NA,NA
Rubus,aethiopicus,Rubus aethiopicus,Rosaceae,correct,EN,confident,2600-3000,2600,3000,2800,400,NA,NA,20823,text,16,text,NA,NA,NA,NA,NA,NA,NA,NA,NA,NA,NA,NA,NA,NA,NA,NA,NA
Rubus,erlangeri,Rubus erlangeri,Rosaceae,over,NT,confident,2990-3600,2990,3600,3295,610,"AR, BA, KF, SD",text,24339,text,44,text,yes,not present,present,present,not present,not present,not present,not present,not present,present,present,not present,not present,not present,not present,4,1
Ruellia,boranica,Ruellia boranica,Acanthaceae,correct,VU,confident,1300-1600,1300,1600,1450,300,NA,NA,1149,text,32,text,NA,NA,NA,NA,NA,NA,NA,NA,NA,NA,NA,NA,NA,NA,NA,NA,NA
Satyrium,aethiopicum,Satyrium aethiopicum,Orchidaceae,over,LC,confident,2000-2500,2000,2500,2250,500,"AR, GD, HA, KF, SU, SD, TU, WG",text,242175,text,24,geocat (GBIF points),yes,not present,present,not present,present,not present,not present,present,not present,present,present,present,present,present,not present,8,1
Saxifraga,hederifolia,Saxifraga hederifolia,Saxifragaceae,under,VU,confident,3400-4500,3400,4500,3950,1100,"AR, GD, GJ",text,42000,text,1250,text,yes,not present,present,not present,present,not present,present,not present,not present,not present,not present,not present,not present,not present,not present,3,0
Scadoxus,nutans,Scadoxus nutans,Amaryllidaceae,correct,VU,confident,1000-2300,100,2300,1200,2200,NA,NA,11681,text,66,text,NA,NA,NA,NA,NA,NA,NA,NA,NA,NA,NA,NA,NA,NA,NA,NA,NA
Scleria,pseudohispidior,Scleria pseudohispidior,Cyperaceae,correct,VU,confident,1485-1750,1485,1750,1617.5,265,NA,NA,4,infer,4,text,NA,NA,NA,NA,NA,NA,NA,NA,NA,NA,NA,NA,NA,NA,NA,NA,NA
Seddera,ogadenensis,Seddera ogadenensis,Convolvulaceae,correct,CR,confident,1200-1250,1200,1250,1225,50,NA,NA,4,infer,4,text,NA,NA,NA,NA,NA,NA,NA,NA,NA,NA,NA,NA,NA,NA,NA,NA,NA
Seddera,rhodantha,Seddera rhodantha,Convolvulaceae,correct,CR,confident,850,850,850,850,0,NA,NA,4,infer,4,text,NA,NA,NA,NA,NA,NA,NA,NA,NA,NA,NA,NA,NA,NA,NA,NA,NA
Seddera,simmonsii,Seddera simmonsii,Convolvulaceae,correct,EN,confident,350-1200,350,1200,775,850,NA,NA,430,text,8,text,NA,NA,NA,NA,NA,NA,NA,NA,NA,NA,NA,NA,NA,NA,NA,NA,NA
Sedum,glomerifolium,Sedum glomerifolium,Crassulaceae,correct,EN,confident,3000-3500,3000,3500,3250,500,NA,NA,25,text,20,text,NA,NA,NA,NA,NA,NA,NA,NA,NA,NA,NA,NA,NA,NA,NA,NA,NA
Sedum,mooneyi,Sedum mooneyi,Crassulaceae,correct,VU,confident,3400-4100,3400,4100,3750,700,NA,NA,10954,text,72,text,NA,NA,NA,NA,NA,NA,NA,NA,NA,NA,NA,NA,NA,NA,NA,NA,NA
Sedum,baleensis,Sedum baleensis,Crassulaceae,correct,EN,confident,2700-3400,2700,3400,3050,700,NA,NA,1213,text,32,text,NA,NA,NA,NA,NA,NA,NA,NA,NA,NA,NA,NA,NA,NA,NA,NA,NA
Sedum,epidendrum,Sedum epidendrum,Crassulaceae,under,VU,confident,2500-3000,2500,3000,2750,500,"AR, GD, GJ, SU",text,119988,text,60,text,yes,not present,present,not present,present,not present,present,not present,not present,not present,not present,present,not present,not present,not present,4,0
Senecio,farinaceus,Senecio farinaceus,Asteraceae,under,VU,low_confidence,3600-4300,3600,4300,3950,700,"BA, GD, GJ, WU",text,87844,text,56,text,yes,not present,not present,present,present,not present,present,not present,not present,not present,not present,not present,not present,not present,present,4,0
Senecio,leptopterus,Senecio leptopterus,Asteraceae,correct,EN,confident,2230-3000,2230,3000,2615,770,NA,NA,8,infer,8,text,NA,NA,NA,NA,NA,NA,NA,NA,NA,NA,NA,NA,NA,NA,NA,NA,NA
Senecio,balensis,Senecio balensis,Asteraceae,correct,EN,confident,3900-4100,3900,4100,4000,200,NA,NA,3693,text,24,text,NA,NA,NA,NA,NA,NA,NA,NA,NA,NA,NA,NA,NA,NA,NA,NA,NA
Senecio,unionis,Senecio unionis,Asteraceae,correct,LC,low_confidence,3170-4050,3170,4050,3610,880,NA,NA,35000,text,124,text,NA,NA,NA,NA,NA,NA,NA,NA,NA,NA,NA,NA,NA,NA,NA,NA,NA
Senecio,nanus,Senecio nanus,Asteraceae,correct,NT,low_confidence,3250-4100,3250,4100,3675,850,NA,NA,81142,text,76,text,NA,NA,NA,NA,NA,NA,NA,NA,NA,NA,NA,NA,NA,NA,NA,NA,NA
Senecio,schultzii,Senecio schultzii,Asteraceae,correct,LC,low_confidence,3270-4375,3270,4375,3822.5,1105,NA,NA,145994,text,164,geocat (RL points),NA,NA,NA,NA,NA,NA,NA,NA,NA,NA,NA,NA,NA,NA,NA,NA,NA
Senecio,ochrocarpus,Senecio ochrocarpus,Asteraceae,over,LC,low_confidence,2800-4000,2800,4000,3400,1200,"BA, HA, SD, SU, WU",text,172250,text,56,geocat (GBIF points),yes,not present,not present,present,not present,not present,not present,present,not present,not present,present,present,not present,not present,present,5,1
Senecio,fresenii,Senecio fresenii,Asteraceae,over,LC,low_confidence,1520-4300,1520,4300,2910,2780,"AR, BA, SU, GD, TU, WU",mapped,117194,text,36,geocat (GBIF points),yes,not present,present,present,present,not present,not present,not present,not present,not present,not present,present,present,not present,present,6,1
Senegalia,fumosa,Senegalia fumosa,Fabaceae,over,LC,confident,250-1200,250,1200,725,950,HA,text,8000,text,16,geocat (RL points),no,not present,not present,not present,not present,not present,not present,present,not present,not present,not present,not present,not present,not present,not present,1,1
Senegalia,pseudonigrescens,Senegalia pseudonigrescens,Fabaceae,correct,CR,confident,300,300,300,300,0,NA,NA,55,text,7,text,NA,NA,NA,NA,NA,NA,NA,NA,NA,NA,NA,NA,NA,NA,NA,NA,NA
Sesbania,melanocaulis,Sesbania melanocaulis,Fabaceae,correct,VU,confident,1550-1900,1550,1900,1725,350,NA,NA,153388,geocat (RL points),40,geocat (RL points),NA,NA,NA,NA,NA,NA,NA,NA,NA,NA,NA,NA,NA,NA,NA,NA,NA
Silene,scottii,Lychnis scottii,Caryophyllaceae,correct,VU,confident,2700-3300,2700,3300,3000,600,NA,NA,7706,text,8,geocat (RL points),NA,NA,NA,NA,NA,NA,NA,NA,NA,NA,NA,NA,NA,NA,NA,NA,NA
Sisymbrium,maximum,Sisymbrium maximum,Brassicaceae,correct,EN,low_confidence,2200-3900,2200,3900,3050,1700,NA,NA,26162,text,20,text,NA,NA,NA,NA,NA,NA,NA,NA,NA,NA,NA,NA,NA,NA,NA,NA,NA
Smithia,abyssinica,Smithia abyssinica,Fabaceae,correct,LC,low_confidence,1800-2450,1800,2450,2125,650,NA,NA,180341,text,44,text,NA,NA,NA,NA,NA,NA,NA,NA,NA,NA,NA,NA,NA,NA,NA,NA,NA
Solanecio,harennensis,Solanecio harennensis,Asteraceae,correct,CR,confident,1850,1850,1850,1850,0,NA,NA,4,text,4,text,NA,NA,NA,NA,NA,NA,NA,NA,NA,NA,NA,NA,NA,NA,NA,NA,NA
Solanecio,gigas,Solanecio gigas,Asteraceae,over,LC,low_confidence,1750-3350,1750,3350,2550,1600,"GJ, SU, AR, SD, GD, WG, BA, WU",mapped,215483,text,76,geocat (GBIF points),yes,not present,present,present,present,not present,present,not present,not present,not present,present,present,not present,present,present,8,1
Solanum,macracanthum,Solanum macracanthum,Solanaceae,correct,LC,confident,2100-3300,2100,3300,2700,1200,NA,NA,798520,text,80,geocat (RL points),NA,NA,NA,NA,NA,NA,NA,NA,NA,NA,NA,NA,NA,NA,NA,NA,NA
Solanum,hirtulum,Solanum hirtulum,Solanaceae,under,VU,confident,2250-3500,2250,3500,2875,1250,"GJ, GD, SU, TU, WU",text,86367,text,56,text,yes,not present,not present,not present,present,not present,present,not present,not present,not present,not present,present,present,not present,present,5,0
Sonchus,obtusilobus,Sonchus obtusilobus,Asteraceae,under,CR,low_confidence,3200,3200,3200,3200,0,TU,text,4,text,4,text,no,not present,not present,not present,not present,not present,not present,not present,not present,not present,not present,not present,present,not present,not present,1,0
Stachys,jijigaensis,Stachys jijigaensis,Lamiaceae,correct,EN,confident,1300-1750,1300,1750,1525,450,NA,NA,479,text,16,text,NA,NA,NA,NA,NA,NA,NA,NA,NA,NA,NA,NA,NA,NA,NA,NA,NA
Stachys,balensis,Stachys balensis,Lamiaceae,correct,VU,confident,1300-2250,1300,2250,1775,950,NA,NA,24907,text,32,text,NA,NA,NA,NA,NA,NA,NA,NA,NA,NA,NA,NA,NA,NA,NA,NA,NA
Stomatanthes,meyeri,Stomatanthes meyeri,Asteraceae,correct,EN,confident,2200-2400,2200,2400,2300,200,NA,NA,8,infer,8,text,NA,NA,NA,NA,NA,NA,NA,NA,NA,NA,NA,NA,NA,NA,NA,NA,NA
Streptocarpus,phaeotrichus,Streptocarpus phaeotrichus,Gesneriaceae,correct,EN,confident,1500-1870,1500,1870,1685,370,NA,NA,11908,text,12,text,NA,NA,NA,NA,NA,NA,NA,NA,NA,NA,NA,NA,NA,NA,NA,NA,NA
Striga,pinnatifida,Striga pinnatifida,Orobanchaceae,correct,CR,confident,1600,1600,1600,1600,0,NA,NA,4,text,4,text,NA,NA,NA,NA,NA,NA,NA,NA,NA,NA,NA,NA,NA,NA,NA,NA,NA
Stylochaeton,oligocarpum,Stylochaeton oligocarpum,Araceae,correct,EN,confident,320-1300,320,1300,810,980,NA,NA,51966,text,16,text,NA,NA,NA,NA,NA,NA,NA,NA,NA,NA,NA,NA,NA,NA,NA,NA,NA
Tephrosia,dichroocarpa,Tephrosia dichroocarpa,Fabaceae,under,EN,confident,2250-2400,2250,2400,2325,150,"GJ, TU",text,48564,text,16,text,no,not present,not present,not present,not present,not present,present,not present,not present,not present,not present,not present,present,not present,not present,2,0
Thunbergia,mauginii,Thunbergia mauginii,Acanthaceae,correct,VU,confident,1300-1700,1300,1700,1500,400,NA,NA,7332,text,48,text,NA,NA,NA,NA,NA,NA,NA,NA,NA,NA,NA,NA,NA,NA,NA,NA,NA
Thunbergia,ruspolii,Thunbergia ruspolii,Acanthaceae,correct,LC,low_confidence,1000-2400,1000,2400,1700,1400,NA,NA,167841,text,248,geocat (RL points),NA,NA,NA,NA,NA,NA,NA,NA,NA,NA,NA,NA,NA,NA,NA,NA,NA
Thunbergia,hirsuta,Thunbergia hirsuta,Acanthaceae,under,EN,low_confidence,1800-2400,1800,2400,2100,600,"GJ, GD",text,7246,text,266,text,no,not present,not present,not present,present,not present,present,not present,not present,not present,not present,not present,not present,not present,not present,2,0
Tinnea,somalensis,Tinnea somalensis,Lamiaceae,over,LC,confident,1100-1900,1100,1900,1500,800,"AR, BA, SD",text,47262,text,152,text,yes,not present,present,present,not present,not present,not present,not present,not present,not present,present,not present,not present,not present,not present,3,1
Tragia,abortiva,Tragia abortiva,Euphorbiaceae,correct,EN,confident,1550-1800,1550,1800,1675,250,NA,NA,228,text,20,text,NA,NA,NA,NA,NA,NA,NA,NA,NA,NA,NA,NA,NA,NA,NA,NA,NA
Tragia,crenata,Tragia crenata,Euphorbiaceae,correct,CR,confident,1300,1300,1300,1300,0,NA,NA,4,infer,4,text,NA,NA,NA,NA,NA,NA,NA,NA,NA,NA,NA,NA,NA,NA,NA,NA,NA
Tragia,triumfetoides,Tragia triumfetoides,Euphorbiaceae,correct,EN,confident,1900-1950,1900,1950,1925,50,NA,NA,8,text,8,text,NA,NA,NA,NA,NA,NA,NA,NA,NA,NA,NA,NA,NA,NA,NA,NA,NA
Tragia,ashiae,Tragia ashiae,Euphorbiaceae,correct,EN,confident,2200-2400,2200,2400,2300,200,NA,NA,18449,text,20,text,NA,NA,NA,NA,NA,NA,NA,NA,NA,NA,NA,NA,NA,NA,NA,NA,NA
Tragia,negeliensis,Tragia negeliensis,Euphorbiaceae,correct,EN,confident,1300-1600,1300,1600,1450,300,NA,NA,870.5,text,14,text,NA,NA,NA,NA,NA,NA,NA,NA,NA,NA,NA,NA,NA,NA,NA,NA,NA
Trifolium,schimperi,Trifolium schimperi,Fabaceae,correct,LC,confident,1700-3150,1700,3150,2425,1450,NA,NA,189061,text,212,text,NA,NA,NA,NA,NA,NA,NA,NA,NA,NA,NA,NA,NA,NA,NA,NA,NA
Trifolium,chilaloense,Trifolium chilaloense,Fabaceae,correct,CR,confident,2900,2900,2900,2900,0,NA,NA,4,infer,4,text,NA,NA,NA,NA,NA,NA,NA,NA,NA,NA,NA,NA,NA,NA,NA,NA,NA
Trifolium,somalense,Trifolium somalense,Fabaceae,under,EN,low_confidence,1800-2000,1800,2000,1900,200,SD,text,4469.5,text,8,text,no,not present,not present,not present,not present,not present,not present,not present,not present,not present,present,not present,not present,not present,not present,1,0
Trifolium,pichisermollii,Trifolium pichisermollii,Fabaceae,over,NT,confident,2100-2700,2100,2700,2400,600,"GJ, SU",text,12715,text,68,text,no,not present,not present,not present,not present,not present,present,not present,not present,not present,not present,present,not present,not present,not present,2,1
Trifolium,spananthum,Trifolium spananthum,Fabaceae,correct,VU,confident,2300-2900,2300,2900,2600,600,NA,NA,90242,text,40,text,NA,NA,NA,NA,NA,NA,NA,NA,NA,NA,NA,NA,NA,NA,NA,NA,NA
Trifolium,decorum,Trifolium decorum,Fabaceae,over,NT,confident,1800-3000,1800,3000,2400,1200,"AR, GD, GJ, SU, TU",text,41677,text,48,text,yes,not present,present,not present,present,not present,present,not present,not present,not present,not present,present,present,not present,not present,5,1
Trifolium,abyssinicum,Trifolium calocephalum,Fabaceae,correct,LC,confident,2400-3600,2400,3600,3000,1200,NA,NA,166531,text,120,text,NA,NA,NA,NA,NA,NA,NA,NA,NA,NA,NA,NA,NA,NA,NA,NA,NA
Trifolium,mattirolianum,Trifolium mattirolianum,Fabaceae,over,LC,low_confidence,1300-2100,1300,2100,1700,800,"GG, HA, TU, SU, GG, KF, WG, IL, GD, GJ",mapped,271523,text,284,geocat (GBIF points),yes,not present,not present,not present,present,present,present,present,present,present,not present,present,present,present,not present,9,1
Urtica,simensis,Urtica simensis,Urticaceae,correct,LC,confident,1500-3400,1500,3400,2450,1900,NA,NA,122919,text,96,text,NA,NA,NA,NA,NA,NA,NA,NA,NA,NA,NA,NA,NA,NA,NA,NA,NA
Vachellia,prasinata,Vachellia prasinata,Fabaceae,correct,EN,confident,500-1300,500,1300,900,800,NA,NA,75,text,20,geocat (RL points),NA,NA,NA,NA,NA,NA,NA,NA,NA,NA,NA,NA,NA,NA,NA,NA,NA
Vachellia,negrii,Vachellia negrii,Fabaceae,over,LC,confident,2000-3100,2000,3100,2550,1100,"GD, SD, GJ, WG, SU, WU, AR",mapped,230426,text,96,geocat (GBIF points),yes,not present,present,not present,present,not present,present,not present,not present,not present,present,present,not present,present,present,7,1
Vepris,dainellii,Vepris dainellii,Rutaceae,over,LC,confident,1750-2500,1750,2500,2125,750,"BA, GJ, IL, KF, SU, SD, WG",text,280883,text,168,geocat (RL points),no,not present,not present,present,not present,not present,present,not present,present,present,present,present,not present,present,not present,7,1
Verbascum,chiovendae,Verbascum chiovendae,Scrophulariaceae,correct,VU,confident,1500-2500,1500,2500,2000,1000,NA,NA,37735,text,32,text,NA,NA,NA,NA,NA,NA,NA,NA,NA,NA,NA,NA,NA,NA,NA,NA,NA
Verbascum,sedgwickianum,Verbascum sedgwickianum,Scrophulariaceae,correct,EN,low_confidence,3000-3700,3000,3700,3350,700,NA,NA,28,text,12,text,NA,NA,NA,NA,NA,NA,NA,NA,NA,NA,NA,NA,NA,NA,NA,NA,NA
Verbascum,stelurum,Verbascum stelurum,Scrophulariaceae,correct,EN,confident,1650,1650,1650,1650,0,NA,NA,240963,text,28,text,NA,NA,NA,NA,NA,NA,NA,NA,NA,NA,NA,NA,NA,NA,NA,NA,NA
Vernonia,dalettiensis,Vernonia dalettiensis,Asteraceae,correct,EN,confident,1975-2165,1975,2165,2070,190,NA,NA,15691,text,20,text,NA,NA,NA,NA,NA,NA,NA,NA,NA,NA,NA,NA,NA,NA,NA,NA,NA
Vernonia,friisii,Vernonia friisii,Asteraceae,correct,EN,confident,900-2200,900,2200,1550,1300,NA,NA,1967,text,12,text,NA,NA,NA,NA,NA,NA,NA,NA,NA,NA,NA,NA,NA,NA,NA,NA,NA
Vernonia,yabelloana,Vernonia yabelloana,Asteraceae,correct,CR,confident,1740,1740,1740,1740,0,NA,NA,4,text,4,text,NA,NA,NA,NA,NA,NA,NA,NA,NA,NA,NA,NA,NA,NA,NA,NA,NA
Vernonia,didessana,Vernonia didessana,Asteraceae,correct,VU,confident,1220-1700,1220,1700,1460,480,NA,NA,139,text,12,text,NA,NA,NA,NA,NA,NA,NA,NA,NA,NA,NA,NA,NA,NA,NA,NA,NA
Vernonia,tewoldei,Vernonia tewoldei,Asteraceae,over,LC,confident,1600-2200,1600,2200,1900,600,"BA, KF",text,31132,text,28,text,yes,not present,not present,present,not present,not present,not present,not present,not present,present,not present,not present,not present,not present,not present,4,1
Vernonia,thulinii,Vernonia thulinii,Asteraceae,correct,EN,confident,1000-1750,1000,1750,1375,750,NA,NA,25539,text,20,text,NA,NA,NA,NA,NA,NA,NA,NA,NA,NA,NA,NA,NA,NA,NA,NA,NA
Vernonia,gilbertii,Vernonia gilbertii,Asteraceae,correct,VU,confident,1650-2050,1650,2050,1850,400,NA,NA,17838,text,40,text,NA,NA,NA,NA,NA,NA,NA,NA,NA,NA,NA,NA,NA,NA,NA,NA,NA
Vernonia,cylindrica,Vernonia cylindrica,Asteraceae,under,VU,confident,1300-1700,1300,1700,1500,400,"GJ, GD, TU, WG, WU",mapped,49816,text,44,text,no,not present,not present,not present,present,not present,present,not present,not present,not present,not present,not present,present,present,present,5,0
Zygotritonia,benishangulana,Zygotritonia benishangulana,Iridaceae,correct,EN,confident,1440-1650,1440,1650,1545,210,NA,NA,439,text,20,text,NA,NA,NA,NA,NA,NA,NA,NA,NA,NA,NA,NA,NA,NA,NA,NA,NA
